epoch,step,global_step,lr,grad_norm,l1_masked,perceptual,color_moment,saturation,border,bg_tv,bg_delta,edge_coherence,total,weight_l1_masked,weight_perceptual,weight_color_moment,weight_saturation,weight_border,weight_bg_tv,weight_bg_delta,weight_edge_coherence
1,10,10,1.00e-03,32.6065,0.07632439583539963,2.4153645038604736,0.058584313839673996,0.06973964720964432,0.06507178395986557,0.007934898138046265,0.02323390170931816,0.12343116849660873,2.110471725463867,5.0,0.1,1.5,0.3,16.0,0.7,1.0,2.5
1,20,20,1.00e-03,13.1508,0.06002087518572807,2.011967182159424,0.035406701266765594,0.0462980642914772,0.05089053884148598,0.006709388457238674,0.02113070711493492,0.10712773352861404,1.6761958599090576,5.0,0.1,1.5,0.3,16.0,0.7,1.0,2.5
1,30,30,1.00e-03,14.6451,0.05126188322901726,1.591641902923584,0.030681516975164413,0.05031566321849823,0.04516267776489258,0.006457743234932423,0.02209135890007019,0.0955648347735405,1.4647173881530762,5.0,0.1,1.5,0.3,16.0,0.7,1.0,2.5
1,40,40,1.00e-03,18.2682,0.05392458662390709,1.78854238986969,0.030786246061325073,0.047988321632146835,0.04851134493947029,0.006065596826374531,0.022988900542259216,0.10603480041027069,1.5775562524795532,5.0,0.1,1.5,0.3,16.0,0.7,1.0,2.5
1,50,50,1.00e-03,20.5803,0.06439774483442307,1.965525507926941,0.0446934700012207,0.061407119035720825,0.056704260408878326,0.006374894175678492,0.024369416758418083,0.10673389583826065,1.8069382905960083,5.0,0.1,1.5,0.3,16.0,0.7,1.0,2.5
1,60,60,1.00e-03,14.7737,0.04294018819928169,1.4622429609298706,0.01944062113761902,0.04272562265396118,0.03854842483997345,0.007191210985183716,0.02739739418029785,0.09018129855394363,1.2775630950927734,5.0,0.1,1.5,0.3,16.0,0.7,1.0,2.5
1,70,70,1.00e-03,32.3808,0.044245366007089615,1.8353323936462402,0.0199369378387928,0.05242466181516647,0.03983799368143082,0.007278988137841225,0.028920218348503113,0.09736760705709457,1.3652352094650269,5.0,0.1,1.5,0.3,16.0,0.7,1.0,2.5
1,80,80,1.00e-03,29.7243,0.02992457151412964,1.1582964658737183,0.0149797722697258,0.02769109606742859,0.027238808572292328,0.005487306043505669,0.02317061275243759,0.07938887923955917,0.9575343132019043,5.0,0.1,1.5,0.3,16.0,0.7,1.0,2.5
1,90,90,1.00e-03,10.3606,0.03713087737560272,1.4686095714569092,0.013018451631069183,0.047622330486774445,0.033855099231004715,0.0066827028058469296,0.024765601381659508,0.08702315390110016,1.1550127267837524,5.0,0.1,1.5,0.3,16.0,0.7,1.0,2.5
1,100,100,1.00e-03,30.3064,0.041233744472265244,1.528679370880127,0.01881648227572441,0.041319649666547775,0.03795972838997841,0.006581018678843975,0.024748018011450768,0.0925920158624649,1.2678476572036743,5.0,0.1,1.5,0.3,16.0,0.7,1.0,2.5
1,110,110,1.00e-03,22.3719,0.04703256115317345,1.6470674276351929,0.027884861454367638,0.0402180552482605,0.04161655530333519,0.006246339995414019,0.024194177240133286,0.09579424560070038,1.3876793384552002,5.0,0.1,1.5,0.3,16.0,0.7,1.0,2.5
1,120,120,1.00e-03,15.3078,0.04049847275018692,1.5553457736968994,0.017010828480124474,0.045259468257427216,0.03637464717030525,0.00620721559971571,0.025736313313245773,0.08408310264348984,1.2194044589996338,5.0,0.1,1.5,0.3,16.0,0.7,1.0,2.5
2,10,133,9.99e-04,16.4269,0.04389359429478645,1.5943175554275513,0.020990580320358276,0.05158410221338272,0.039086855947971344,0.006023794412612915,0.022314555943012238,0.09127150475978851,1.3059605360031128,5.0,0.1,1.5,0.3,16.0,0.7,1.0,2.5
2,20,143,9.99e-04,25.9096,0.0471353754401207,1.812940001487732,0.024719301611185074,0.05561188608407974,0.042707983404397964,0.006294391583651304,0.0235171876847744,0.10269347578287125,1.4387180805206299,5.0,0.1,1.5,0.3,16.0,0.7,1.0,2.5
2,30,153,9.99e-04,8.0724,0.04251369461417198,1.4242855310440063,0.018829461187124252,0.048992522060871124,0.038064438849687576,0.006491751875728369,0.021693602204322815,0.09279373288154602,1.2651922702789307,5.0,0.1,1.5,0.3,16.0,0.7,1.0,2.5
2,40,163,9.99e-04,18.1772,0.039235275238752365,1.2370216846466064,0.01763118989765644,0.044416069984436035,0.03593134507536888,0.008615736849606037,0.025595344603061676,0.09307323396205902,1.1988612413406372,5.0,0.1,1.5,0.3,16.0,0.7,1.0,2.5
2,50,173,9.99e-04,20.1149,0.04199244827032089,1.179463267326355,0.02664949558675289,0.03969988226890564,0.03777941316366196,0.006990310736000538,0.02520117536187172,0.08200524747371674,1.21937096118927,5.0,0.1,1.5,0.3,16.0,0.7,1.0,2.5
2,60,183,9.99e-04,7.2480,0.04636579751968384,1.453787922859192,0.019364794716238976,0.04455838352441788,0.041753608733415604,0.006817876361310482,0.02102513238787651,0.10098608583211899,1.365943193435669,5.0,0.1,1.5,0.3,16.0,0.7,1.0,2.5
2,70,193,9.99e-04,8.9797,0.04068500176072121,1.1827131509780884,0.016255328431725502,0.044019170105457306,0.037563081830739975,0.0074655236676335335,0.0248255655169487,0.08483543246984482,1.2024343013763428,5.0,0.1,1.5,0.3,16.0,0.7,1.0,2.5
2,80,203,9.99e-04,10.5766,0.037146784365177155,1.2524288892745972,0.015404053032398224,0.04499607905745506,0.033783942461013794,0.0066919284872710705,0.021854475140571594,0.08638367056846619,1.1306227445602417,5.0,0.1,1.5,0.3,16.0,0.7,1.0,2.5
2,90,213,9.99e-04,18.6089,0.03524232655763626,1.011894702911377,0.020853925496339798,0.03264850750565529,0.03245539590716362,0.00685788132250309,0.023306336253881454,0.07465565204620361,1.05250883102417,5.0,0.1,1.5,0.3,16.0,0.7,1.0,2.5
2,100,223,9.99e-04,12.3841,0.03391853719949722,1.2656856775283813,0.012879403308033943,0.036888837814331055,0.031407102942466736,0.006782956421375275,0.023938408121466637,0.08587077260017395,1.072424054145813,5.0,0.1,1.5,0.3,16.0,0.7,1.0,2.5
2,110,233,9.99e-04,14.9731,0.038906391710042953,1.1543203592300415,0.022318299859762192,0.054628726094961166,0.03532492369413376,0.007048370316624641,0.023198654875159264,0.08474904298782349,1.1650339365005493,5.0,0.1,1.5,0.3,16.0,0.7,1.0,2.5
2,120,243,9.99e-04,18.4823,0.042195145040750504,1.3381296396255493,0.017295945435762405,0.04931981861591339,0.03881467878818512,0.007152854464948177,0.02358299121260643,0.09445469826459885,1.2712901830673218,5.0,0.1,1.5,0.3,16.0,0.7,1.0,2.5
3,10,256,9.96e-04,9.8372,0.038910701870918274,1.2525677680969238,0.011707696132361889,0.044643156230449677,0.03585187345743179,0.0073121171444654465,0.024397214874625206,0.09498389065265656,1.1913701295852661,5.0,0.1,1.5,0.3,16.0,0.7,1.0,2.5
3,20,266,9.96e-04,24.8025,0.03189925104379654,1.0622518062591553,0.015049053356051445,0.041080839931964874,0.028867710381746292,0.007076217792928219,0.024372100830078125,0.08196188509464264,0.9967328310012817,5.0,0.1,1.5,0.3,16.0,0.7,1.0,2.5
3,30,276,9.96e-04,20.0392,0.04190853238105774,1.3308130502700806,0.021859563887119293,0.046951889991760254,0.03704608604311943,0.007024846971035004,0.02209598943591118,0.09059860557317734,1.235746145248413,5.0,0.1,1.5,0.3,16.0,0.7,1.0,2.5
3,40,286,9.96e-04,13.3257,0.04483173042535782,1.4820666313171387,0.016107793897390366,0.04786553978919983,0.04123969003558159,0.007725711911916733,0.02360832504928112,0.10007913410663605,1.34993577003479,5.0,0.1,1.5,0.3,16.0,0.7,1.0,2.5
3,50,296,9.96e-04,23.4676,0.027283132076263428,0.8582325577735901,0.0093928761780262,0.032303158193826675,0.0248087290674448,0.006931253243237734,0.02439471147954464,0.06986679881811142,0.8468724489212036,5.0,0.1,1.5,0.3,16.0,0.7,1.0,2.5
3,60,306,9.96e-04,22.1270,0.03497571125626564,1.157716155052185,0.017088692635297775,0.049781765788793564,0.031802572309970856,0.0066424463875591755,0.022290360182523727,0.07501985877752304,1.0545486211776733,5.0,0.1,1.5,0.3,16.0,0.7,1.0,2.5
3,70,316,9.96e-04,26.6262,0.038105860352516174,1.3760699033737183,0.017333392053842545,0.04354275390505791,0.03392380103468895,0.007066845428198576,0.02592940628528595,0.08952672779560089,1.164673089981079,5.0,0.1,1.5,0.3,16.0,0.7,1.0,2.5
3,80,326,9.96e-04,14.3809,0.03566599264740944,1.097680926322937,0.015418993309140205,0.03863038122653961,0.03224363923072815,0.00723916944116354,0.024772075936198235,0.08919840306043625,1.0915493965148926,5.0,0.1,1.5,0.3,16.0,0.7,1.0,2.5
3,90,336,9.96e-04,31.2673,0.039104163646698,1.370966911315918,0.01880413293838501,0.0457271933555603,0.035635191947221756,0.007156429812312126,0.022970061749219894,0.08351632207632065,1.181475281715393,5.0,0.1,1.5,0.3,16.0,0.7,1.0,2.5
3,100,346,9.96e-04,25.9241,0.03199610859155655,0.9623923897743225,0.016895657405257225,0.0398828499019146,0.02856549806892872,0.0065886350348591805,0.02197025716304779,0.07454845309257507,0.9635295271873474,5.0,0.1,1.5,0.3,16.0,0.7,1.0,2.5
3,110,356,9.96e-04,12.9463,0.02770785428583622,0.7932088971138,0.010873655788600445,0.032696325331926346,0.025433313101530075,0.006098064128309488,0.021312689408659935,0.07581187784671783,0.8660235404968262,5.0,0.1,1.5,0.3,16.0,0.7,1.0,2.5
3,120,366,9.96e-04,14.4943,0.034942176192998886,1.3592736721038818,0.016730356961488724,0.04803723469376564,0.03257051110267639,0.007986919023096561,0.027318721637129784,0.09268400818109512,1.1358927488327026,5.0,0.1,1.5,0.3,16.0,0.7,1.0,2.5
4,10,379,9.91e-04,26.4837,0.03633982688188553,1.0360089540481567,0.022452201694250107,0.036250628530979156,0.03310638293623924,0.007358732633292675,0.02490895614027977,0.08530925959348679,1.102888822555542,5.0,0.1,1.5,0.3,16.0,0.7,1.0,2.5
4,20,389,9.91e-04,16.0097,0.03727737441658974,1.3518184423446655,0.014352912083268166,0.04564042389392853,0.03514520823955536,0.00773598812520504,0.025657255202531815,0.09312942624092102,1.1830096244812012,5.0,0.1,1.5,0.3,16.0,0.7,1.0,2.5
4,30,399,9.91e-04,7.8054,0.03606448322534561,1.1101198196411133,0.013850396499037743,0.04041343927383423,0.033522944897413254,0.0082832220941782,0.025242885574698448,0.08568880707025528,1.1058642864227295,5.0,0.1,1.5,0.3,16.0,0.7,1.0,2.5
4,40,409,9.91e-04,19.7123,0.026777593418955803,0.9119703769683838,0.010255911387503147,0.03278478980064392,0.024307552725076675,0.00590687058866024,0.02050195075571537,0.06609096378087997,0.829089343547821,5.0,0.1,1.5,0.3,16.0,0.7,1.0,2.5
4,50,419,9.91e-04,20.4058,0.03725709393620491,1.0063953399658203,0.019162354990839958,0.038114119321107864,0.033801935613155365,0.007013298571109772,0.02268795296549797,0.07691425085067749,1.0878167152404785,5.0,0.1,1.5,0.3,16.0,0.7,1.0,2.5
4,60,429,9.91e-04,6.3783,0.03178923577070236,1.0512542724609375,0.01274467445909977,0.03514539822936058,0.029849480837583542,0.0067283217795193195,0.02104981243610382,0.07834313064813614,0.9929413795471191,5.0,0.1,1.5,0.3,16.0,0.7,1.0,2.5
4,70,439,9.91e-04,22.8750,0.03368980810046196,1.07058846950531,0.01545749418437481,0.0430154949426651,0.030503645539283752,0.007390747312456369,0.024251755326986313,0.07572387158870697,1.0183920860290527,5.0,0.1,1.5,0.3,16.0,0.7,1.0,2.5
4,80,449,9.91e-04,12.1659,0.03337203711271286,1.0577800273895264,0.011506105773150921,0.03622789680957794,0.030340926721692085,0.006951957009732723,0.02285819873213768,0.0857062116265297,1.0282106399536133,5.0,0.1,1.5,0.3,16.0,0.7,1.0,2.5
4,90,459,9.91e-04,9.4107,0.03089195489883423,1.0153980255126953,0.009475728496909142,0.041414204984903336,0.029206514358520508,0.007658092305064201,0.025117170065641403,0.08877554535865784,1.002358317375183,5.0,0.1,1.5,0.3,16.0,0.7,1.0,2.5
4,100,469,9.91e-04,9.0113,0.02415456995368004,0.825287938117981,0.006261948496103287,0.029774386435747147,0.022822195664048195,0.006438213866204023,0.02387891337275505,0.06786969304084778,0.7848418951034546,5.0,0.1,1.5,0.3,16.0,0.7,1.0,2.5
4,110,479,9.91e-04,10.6805,0.037499818950891495,1.2400140762329102,0.014851130545139313,0.04912610724568367,0.033498767763376236,0.0075887516140937805,0.02580644004046917,0.08432678878307343,1.126430869102478,5.0,0.1,1.5,0.3,16.0,0.7,1.0,2.5
4,120,489,9.91e-04,6.4663,0.03216473013162613,1.1030434370040894,0.012860944494605064,0.04505695402622223,0.029667211696505547,0.007646556943655014,0.022397562861442566,0.0747724249958992,0.9932931661605835,5.0,0.1,1.5,0.3,16.0,0.7,1.0,2.5
5,10,502,9.84e-04,13.2459,0.03359176218509674,1.1178117990493774,0.011605774983763695,0.03538079932332039,0.030330410227179527,0.006445782724767923,0.022188929840922356,0.09619078785181046,1.060227394104004,5.0,0.1,1.5,0.3,16.0,0.7,1.0,2.5
5,20,512,9.84e-04,6.2258,0.03791021555662155,1.355022668838501,0.01111894752830267,0.03805210441350937,0.03471191227436066,0.006453260779380798,0.022196298465132713,0.09510605782270432,1.1730166673660278,5.0,0.1,1.5,0.3,16.0,0.7,1.0,2.5
5,30,522,9.84e-04,9.1177,0.03739999607205391,1.1141202449798584,0.010554788634181023,0.04425179958343506,0.03474956750869751,0.00837103370577097,0.02623062953352928,0.10131355375051498,1.1688870191574097,5.0,0.1,1.5,0.3,16.0,0.7,1.0,2.5
5,40,532,9.84e-04,38.2347,0.03307120501995087,1.0130709409713745,0.018821656703948975,0.03786391392350197,0.03059905208647251,0.007210253272205591,0.02248717099428177,0.07277567684650421,1.0053131580352783,5.0,0.1,1.5,0.3,16.0,0.7,1.0,2.5
5,50,542,9.84e-04,28.2403,0.031587786972522736,1.026745319366455,0.00800104346126318,0.03955873101949692,0.02903595380485058,0.007797778584063053,0.025538071990013123,0.08509369194507599,0.9927886724472046,5.0,0.1,1.5,0.3,16.0,0.7,1.0,2.5
5,60,552,9.84e-04,9.1746,0.03462929651141167,0.9930091500282288,0.011151991784572601,0.042291805148124695,0.03179994598031044,0.007589526474475861,0.023121017962694168,0.08251975476741791,1.0453951358795166,5.0,0.1,1.5,0.3,16.0,0.7,1.0,2.5
5,70,562,9.84e-04,20.6663,0.03477150574326515,1.192430019378662,0.01492863055318594,0.044873397797346115,0.03231346607208252,0.007994294166564941,0.025843366980552673,0.08764422684907913,1.0965209007263184,5.0,0.1,1.5,0.3,16.0,0.7,1.0,2.5
5,80,572,9.84e-04,11.7130,0.03348719701170921,0.9780370593070984,0.01396453008055687,0.03987506404519081,0.030630003660917282,0.00727425329387188,0.02447124384343624,0.07414020597934723,1.0031428337097168,5.0,0.1,1.5,0.3,16.0,0.7,1.0,2.5
5,90,582,9.84e-04,12.2002,0.029500002041459084,0.9290492534637451,0.009376767091453075,0.03651612624526024,0.027887241914868355,0.007034583017230034,0.023267049342393875,0.07426951080560684,0.9254857897758484,5.0,0.1,1.5,0.3,16.0,0.7,1.0,2.5
5,100,592,9.84e-04,8.2031,0.027826277539134026,0.800872266292572,0.013921178877353668,0.031331248581409454,0.025080818682909012,0.006414406001567841,0.02242068201303482,0.06758473813533783,0.8466655015945435,5.0,0.1,1.5,0.3,16.0,0.7,1.0,2.5
5,110,602,9.84e-04,22.8179,0.032352346926927567,1.0580658912658691,0.010585869662463665,0.04256366193294525,0.030050240457057953,0.006859373301267624,0.022539563477039337,0.08065026998519897,1.0059869289398193,5.0,0.1,1.5,0.3,16.0,0.7,1.0,2.5
5,120,612,9.84e-04,17.5513,0.034230317920446396,1.0878493785858154,0.010519102215766907,0.046061158180236816,0.03144153580069542,0.008449717424809933,0.027335744351148605,0.08281856030225754,1.0528950691223145,5.0,0.1,1.5,0.3,16.0,0.7,1.0,2.5
6,10,625,9.76e-04,20.8278,0.028730230405926704,0.8491710424423218,0.01326104998588562,0.032003071159124374,0.026762166991829872,0.006968146190047264,0.024377834051847458,0.0686604231595993,0.8871620297431946,5.0,0.1,1.5,0.3,16.0,0.7,1.0,2.5
6,20,635,9.76e-04,33.8837,0.03025238960981369,0.8597992062568665,0.013554873876273632,0.0313468761742115,0.027734503149986267,0.006695890799164772,0.023875778540968895,0.07456586509943008,0.9257078766822815,5.0,0.1,1.5,0.3,16.0,0.7,1.0,2.5
6,30,645,9.76e-04,13.4535,0.028686435893177986,0.8693407773971558,0.007946020923554897,0.034452155232429504,0.02706240303814411,0.007103854790329933,0.020936310291290283,0.08114955574274063,0.9144022464752197,5.0,0.1,1.5,0.3,16.0,0.7,1.0,2.5
6,40,655,9.76e-04,13.9351,0.028595127165317535,0.9480810165405273,0.011286537162959576,0.035433754324913025,0.02652149088680744,0.006751032546162605,0.02319156378507614,0.06965067237615585,0.8917314410209656,5.0,0.1,1.5,0.3,16.0,0.7,1.0,2.5
6,50,665,9.76e-04,14.8494,0.031190339475870132,1.01054847240448,0.010454168543219566,0.041085582226514816,0.029187094420194626,0.0070609101094305515,0.02442898415029049,0.08074146509170532,0.9832322597503662,5.0,0.1,1.5,0.3,16.0,0.7,1.0,2.5
6,60,675,9.76e-04,9.3607,0.028059860691428185,0.8523504137992859,0.008115427568554878,0.03707889840006828,0.026302853599190712,0.006970783695578575,0.022102396935224533,0.07172828167676926,0.875979483127594,5.0,0.1,1.5,0.3,16.0,0.7,1.0,2.5
6,70,685,9.76e-04,7.1309,0.029140260070562363,0.7878606915473938,0.00771741708740592,0.029515184462070465,0.027061596512794495,0.007253990508615971,0.02177564799785614,0.07462062686681747,0.891308605670929,5.0,0.1,1.5,0.3,16.0,0.7,1.0,2.5
6,80,695,9.76e-04,20.7920,0.03278744965791702,0.9992619752883911,0.012737058103084564,0.04565205052495003,0.03041289560496807,0.007543948478996754,0.022786688059568405,0.07845809310674667,1.007483720779419,5.0,0.1,1.5,0.3,16.0,0.7,1.0,2.5
6,90,705,9.76e-04,26.2962,0.035446647554636,0.9902236461639404,0.018426110967993736,0.03323020786046982,0.032342009246349335,0.0068039316684007645,0.022175133228302002,0.07937644422054291,1.0567150115966797,5.0,0.1,1.5,0.3,16.0,0.7,1.0,2.5
6,100,715,9.76e-04,18.2343,0.02725713513791561,0.9135411977767944,0.01153807993978262,0.028937164694070816,0.02499835379421711,0.006463724188506603,0.021678119897842407,0.07610706984996796,0.8700721263885498,5.0,0.1,1.5,0.3,16.0,0.7,1.0,2.5
6,110,725,9.76e-04,9.7047,0.030402841046452522,1.0062010288238525,0.009137408807873726,0.04705002158880234,0.028053030371665955,0.007710273843258619,0.025915328413248062,0.07755725830793381,0.9545096158981323,5.0,0.1,1.5,0.3,16.0,0.7,1.0,2.5
6,120,735,9.76e-04,17.0811,0.03756512701511383,1.1090236902236938,0.0197799950838089,0.03958524391055107,0.033989280462265015,0.006645870860666037,0.02141008898615837,0.08811943978071213,1.130462884902954,5.0,0.1,1.5,0.3,16.0,0.7,1.0,2.5
7,10,748,9.65e-04,16.7163,0.027934551239013672,0.8906917572021484,0.008283557370305061,0.03437186777591705,0.026027552783489227,0.006501948460936546,0.021857865154743195,0.08226820081472397,0.8999993801116943,5.0,0.1,1.5,0.3,16.0,0.7,1.0,2.5
7,20,758,9.65e-04,15.5528,0.030311474576592445,1.0778391361236572,0.008986089378595352,0.04272029176354408,0.0283498615026474,0.007596398703753948,0.026934023946523666,0.07954859733581543,0.9703572988510132,5.0,0.1,1.5,0.3,16.0,0.7,1.0,2.5
7,30,768,9.65e-04,17.5306,0.028992166742682457,0.8834407925605774,0.005824619438499212,0.042437974363565445,0.026815077289938927,0.007417408749461174,0.024350378662347794,0.07709682732820511,0.9060990810394287,5.0,0.1,1.5,0.3,16.0,0.7,1.0,2.5
7,40,778,9.65e-04,9.6876,0.031440310180187225,0.9321513772010803,0.008096545934677124,0.04468817263841629,0.02960597164928913,0.008650625124573708,0.02547517418861389,0.07535737752914429,0.9695875644683838,5.0,0.1,1.5,0.3,16.0,0.7,1.0,2.5
7,50,788,9.65e-04,13.2736,0.026967715471982956,0.887141764163971,0.011188911274075508,0.03837577998638153,0.02486453950405121,0.006766354665160179,0.026017773896455765,0.07493285834789276,0.867767870426178,5.0,0.1,1.5,0.3,16.0,0.7,1.0,2.5
7,60,798,9.65e-04,23.1697,0.027941985055804253,0.761502206325531,0.011840250343084335,0.0348324179649353,0.02576969936490059,0.006574481725692749,0.02097303234040737,0.06598582118749619,0.8469251394271851,5.0,0.1,1.5,0.3,16.0,0.7,1.0,2.5
7,70,808,9.65e-04,11.2862,0.02559065632522106,0.8727685213088989,0.007537837140262127,0.031136207282543182,0.024102475494146347,0.006673388183116913,0.021408190950751305,0.06655167788267136,0.8139761686325073,5.0,0.1,1.5,0.3,16.0,0.7,1.0,2.5
7,80,818,9.65e-04,13.3727,0.02594318613409996,0.8634905815124512,0.006803355645388365,0.032671842724084854,0.024586988613009453,0.006776853464543819,0.020014356821775436,0.0740867331624031,0.8394383788108826,5.0,0.1,1.5,0.3,16.0,0.7,1.0,2.5
7,90,828,9.65e-04,3.8948,0.028643224388360977,0.8137320280075073,0.006583643611520529,0.03306031972169876,0.027561461552977562,0.007374495733529329,0.0212668776512146,0.07757840305566788,0.905741274356842,5.0,0.1,1.5,0.3,16.0,0.7,1.0,2.5
7,100,838,9.65e-04,11.7584,0.026626741513609886,0.7955362200737,0.0063070086762309074,0.030352817848324776,0.025102412328124046,0.0070408303290605545,0.021902676671743393,0.07698363065719604,0.8521826267242432,5.0,0.1,1.5,0.3,16.0,0.7,1.0,2.5
7,110,848,9.65e-04,11.0914,0.03484879434108734,1.130882740020752,0.014091148041188717,0.04019660875201225,0.032441023737192154,0.007203632965683937,0.02413870207965374,0.09181060642004013,1.0982921123504639,5.0,0.1,1.5,0.3,16.0,0.7,1.0,2.5
7,120,858,9.65e-04,6.0715,0.024967579171061516,0.7140470147132874,0.007639594376087189,0.02989010512828827,0.023621587082743645,0.006996706128120422,0.021747775375843048,0.0661366730928421,0.7866015434265137,5.0,0.1,1.5,0.3,16.0,0.7,1.0,2.5
8,10,871,9.52e-04,22.7666,0.035198427736759186,1.2184114456176758,0.00601698225364089,0.044668301939964294,0.03364963456988335,0.008529371581971645,0.02600090578198433,0.1035904586315155,1.1496009826660156,5.0,0.1,1.5,0.3,16.0,0.7,1.0,2.5
8,20,881,9.52e-04,17.2657,0.027169888839125633,0.8587040305137634,0.008970707654953003,0.032169561833143234,0.026043985038995743,0.006572517100721598,0.02131260558962822,0.06878101080656052,0.8593964576721191,5.0,0.1,1.5,0.3,16.0,0.7,1.0,2.5
8,30,891,9.52e-04,15.4827,0.02878669835627079,0.9043218493461609,0.011634280905127525,0.03549109026789665,0.0267189834266901,0.007140078581869602,0.023682892322540283,0.07505137473344803,0.9062775373458862,5.0,0.1,1.5,0.3,16.0,0.7,1.0,2.5
8,40,901,9.52e-04,15.9450,0.026715658605098724,0.8100865483283997,0.009257796220481396,0.03435494005680084,0.025215977802872658,0.007225160486996174,0.02558375895023346,0.07140320539474487,0.8513851165771484,5.0,0.1,1.5,0.3,16.0,0.7,1.0,2.5
8,50,911,9.52e-04,19.3700,0.02609187923371792,0.716401994228363,0.008595138788223267,0.027800895273685455,0.02400863915681839,0.006347910035401583,0.021883856505155563,0.06651104241609573,0.8000757694244385,5.0,0.1,1.5,0.3,16.0,0.7,1.0,2.5
8,60,921,9.52e-04,24.2064,0.026941513642668724,0.8087232708930969,0.01404988020658493,0.029393143951892853,0.024710778146982193,0.0067015402019023895,0.0231101643294096,0.06194603443145752,0.8235114216804504,5.0,0.1,1.5,0.3,16.0,0.7,1.0,2.5
8,70,931,9.52e-04,10.4427,0.036526408046483994,1.0886344909667969,0.01130545511841774,0.05010519549250603,0.034025903791189194,0.009090734645724297,0.02673124335706234,0.09020452946424484,1.126505732536316,5.0,0.1,1.5,0.3,16.0,0.7,1.0,2.5
8,80,941,9.52e-04,12.2651,0.027983397245407104,0.8236658573150635,0.006761419586837292,0.037944093346595764,0.026723820716142654,0.007420405745506287,0.02310260199010372,0.06883163005113602,0.8717660307884216,5.0,0.1,1.5,0.3,16.0,0.7,1.0,2.5
8,90,951,9.52e-04,7.4128,0.0332670696079731,1.119477391242981,0.01067284308373928,0.04353448748588562,0.030899260193109512,0.008014911785721779,0.02639099583029747,0.08691715449094772,1.0510351657867432,5.0,0.1,1.5,0.3,16.0,0.7,1.0,2.5
8,100,961,9.52e-04,11.5813,0.03019906021654606,1.0070195198059082,0.008733175694942474,0.054100774228572845,0.028115471825003624,0.0082623902708292,0.029064033180475235,0.07736562937498093,0.9591366052627563,5.0,0.1,1.5,0.3,16.0,0.7,1.0,2.5
8,110,971,9.52e-04,18.2178,0.02910221368074417,0.8985556364059448,0.007329127751290798,0.033489689230918884,0.02796345204114914,0.007371546700596809,0.022005409002304077,0.0881524533033371,0.9513691663742065,5.0,0.1,1.5,0.3,16.0,0.7,1.0,2.5
8,120,981,9.52e-04,17.8095,0.02552121691405773,0.7550832033157349,0.008883788250386715,0.02892475575208664,0.023721029981970787,0.006651268340647221,0.02212994359433651,0.0669589713215828,0.7988372445106506,5.0,0.1,1.5,0.3,16.0,0.7,1.0,2.5
10,10,1117,9.38e-04,10.4185,0.03336768597364426,0.9422509074211121,0.011908276006579399,0.0402398407459259,0.03041524812579155,0.007024175487458706,0.022968588396906853,0.07890566438436508,1.0027915239334106,5.0,0.1,1.5,0.3,16.0,0.7,1.0,2.5
10,20,1127,9.38e-04,26.7775,0.021256254985928535,0.6219721436500549,0.007667487487196922,0.02460494637489319,0.019602756947278976,0.005663781426846981,0.019819121807813644,0.059473369270563126,0.67347252368927,5.0,0.1,1.5,0.3,16.0,0.7,1.0,2.5
10,30,1137,9.38e-04,20.0761,0.027776511386036873,0.8195545077323914,0.006825075950473547,0.030319463461637497,0.026637686416506767,0.007461331784725189,0.02333461306989193,0.07285648584365845,0.8770731687545776,5.0,0.1,1.5,0.3,16.0,0.7,1.0,2.5
10,40,1147,9.38e-04,26.6749,0.03208828717470169,0.9410123229026794,0.013411778956651688,0.03468276932835579,0.030252089723944664,0.007087506353855133,0.023278847336769104,0.08098799735307693,0.999808669090271,5.0,0.1,1.5,0.3,16.0,0.7,1.0,2.5
10,50,1157,9.38e-04,6.1434,0.031524334102869034,0.9036194086074829,0.010825017467141151,0.039102405309677124,0.02943154238164425,0.00700460746884346,0.022398944944143295,0.07319530844688416,0.9571470022201538,5.0,0.1,1.5,0.3,16.0,0.7,1.0,2.5
10,60,1167,9.38e-04,8.2717,0.024978306144475937,0.62413090467453,0.00872789602726698,0.026941921561956406,0.022925788536667824,0.006632301490753889,0.020061565563082695,0.06187255308032036,0.7546772360801697,5.0,0.1,1.5,0.3,16.0,0.7,1.0,2.5
10,70,1177,9.38e-04,10.4129,0.024987561628222466,0.7668890357017517,0.0054024821147322655,0.037494659423828125,0.02334826998412609,0.007416813634335995,0.02635185420513153,0.07002367824316025,0.8011539578437805,5.0,0.1,1.5,0.3,16.0,0.7,1.0,2.5
10,80,1187,9.38e-04,8.3151,0.018940014764666557,0.5482919812202454,0.003852823283523321,0.022356990724802017,0.017948418855667114,0.005847185384482145,0.021237557753920555,0.05767334997653961,0.6187042593955994,5.0,0.1,1.5,0.3,16.0,0.7,1.0,2.5
10,90,1197,9.38e-04,9.3162,0.025535935536026955,0.757225751876831,0.0069495392963290215,0.03491823375225067,0.02363906055688858,0.007187214680016041,0.023646904155611992,0.06389817595481873,0.7909504175186157,5.0,0.1,1.5,0.3,16.0,0.7,1.0,2.5
10,100,1207,9.38e-04,4.3401,0.026819312945008278,0.8314023017883301,0.008779667317867279,0.03110257349908352,0.025120390579104424,0.007093316875398159,0.022918689996004105,0.069737508893013,0.8438910841941833,5.0,0.1,1.5,0.3,16.0,0.7,1.0,2.5
10,110,1217,9.38e-04,17.4039,0.024824725463986397,0.7893543243408203,0.007194078527390957,0.02961072139441967,0.022727347910404205,0.006009083241224289,0.021700363606214523,0.06260491907596588,0.7687900066375732,5.0,0.1,1.5,0.3,16.0,0.7,1.0,2.5
10,120,1227,9.38e-04,16.3048,0.02530791610479355,0.8501871824264526,0.009241575375199318,0.04002580791711807,0.023459387943148613,0.006456249393522739,0.023546535521745682,0.06393269449472427,0.8006762266159058,5.0,0.1,1.5,0.3,16.0,0.7,1.0,2.5
11,10,1240,9.22e-04,29.7817,0.03324262425303459,1.075096845626831,0.014309627935290337,0.03961513936519623,0.03093097172677517,0.007021365687251091,0.020546015352010727,0.08662223815917969,1.0439839363098145,5.0,0.1,1.5,0.3,16.0,0.7,1.0,2.5
11,20,1250,9.22e-04,6.4625,0.022017646580934525,0.720808207988739,0.008585687726736069,0.029228683561086655,0.020045816898345947,0.005749848671257496,0.0208673607558012,0.06896404176950455,0.7218515872955322,5.0,0.1,1.5,0.3,16.0,0.7,1.0,2.5
11,30,1260,9.22e-04,9.7787,0.03365978226065636,1.0984878540039062,0.0094198202714324,0.03696896508336067,0.032132867723703384,0.007410877384245396,0.022158946841955185,0.09108608216047287,1.0725557804107666,5.0,0.1,1.5,0.3,16.0,0.7,1.0,2.5
11,40,1270,9.22e-04,4.0917,0.02539937198162079,0.7652668952941895,0.0071733309887349606,0.027292367070913315,0.0238715298473835,0.00646928371861577,0.019263379275798798,0.07134498655796051,0.8065700531005859,5.0,0.1,1.5,0.3,16.0,0.7,1.0,2.5
11,50,1280,9.22e-04,12.7636,0.03143398463726044,1.0104035139083862,0.0065065184608101845,0.0331663154065609,0.02973323129117489,0.006992368958890438,0.019618866965174675,0.08152463287115097,0.9819767475128174,5.0,0.1,1.5,0.3,16.0,0.7,1.0,2.5
11,60,1290,9.22e-04,13.4742,0.03390365093946457,1.0319699048995972,0.015551614575088024,0.045243509113788605,0.03140545263886452,0.007825085893273354,0.02631663903594017,0.07751883566379547,1.0376942157745361,5.0,0.1,1.5,0.3,16.0,0.7,1.0,2.5
11,70,1300,9.22e-04,9.8488,0.027430463582277298,0.7277089357376099,0.008013665676116943,0.03234352916479111,0.025784442201256752,0.006964441388845444,0.019972240552306175,0.062344588339328766,0.8249067068099976,5.0,0.1,1.5,0.3,16.0,0.7,1.0,2.5
11,80,1310,9.22e-04,15.0500,0.0265657901763916,0.7196424007415771,0.008626438677310944,0.03961515426635742,0.025175949558615685,0.0071937148459255695,0.02359340898692608,0.07160625606775284,0.8400772213935852,5.0,0.1,1.5,0.3,16.0,0.7,1.0,2.5
11,90,1320,9.22e-04,12.7255,0.025151558220386505,0.7630277872085571,0.006774235516786575,0.029377611353993416,0.023976387456059456,0.006568298675119877,0.022637492045760155,0.07087576389312744,0.8090820908546448,5.0,0.1,1.5,0.3,16.0,0.7,1.0,2.5
11,100,1330,9.22e-04,15.9146,0.027925869449973106,0.9006578922271729,0.010305343195796013,0.03972848877310753,0.025579407811164856,0.006650811992585659,0.022966936230659485,0.07042176276445389,0.8700191378593445,5.0,0.1,1.5,0.3,16.0,0.7,1.0,2.5
11,110,1340,9.22e-04,8.8777,0.021959463134407997,0.5848971009254456,0.008060835301876068,0.027091817930340767,0.02068394608795643,0.007124571595340967,0.020884057506918907,0.0563107430934906,0.6860970258712769,5.0,0.1,1.5,0.3,16.0,0.7,1.0,2.5
11,120,1350,9.22e-04,8.4276,0.023909764364361763,0.6687858700752258,0.007816873490810394,0.026439698413014412,0.02229222096502781,0.006706830579787493,0.022670989856123924,0.0627017617225647,0.746880292892456,5.0,0.1,1.5,0.3,16.0,0.7,1.0,2.5
12,10,1363,9.05e-04,12.7900,0.02740602195262909,0.8520342111587524,0.008368376642465591,0.03531621769070625,0.02546786330640316,0.007079161703586578,0.02505449205636978,0.06425520032644272,0.8435146808624268,5.0,0.1,1.5,0.3,16.0,0.7,1.0,2.5
12,20,1373,9.05e-04,15.1530,0.027390332892537117,0.8885884284973145,0.005453660152852535,0.03880276158452034,0.025801943615078926,0.007917176000773907,0.028070464730262756,0.07755284011363983,0.8859575390815735,5.0,0.1,1.5,0.3,16.0,0.7,1.0,2.5
12,30,1383,9.05e-04,18.9023,0.02949601598083973,0.964257001876831,0.0062006632797420025,0.042531054466962814,0.02797773666679859,0.007150518242269754,0.023286890238523483,0.07641150057315826,0.9329309463500977,5.0,0.1,1.5,0.3,16.0,0.7,1.0,2.5
12,40,1393,9.05e-04,14.7200,0.03080798126757145,0.876829981803894,0.010854450985789299,0.040629271417856216,0.028739837929606438,0.008455852046608925,0.024615837261080742,0.07910597324371338,0.9583306312561035,5.0,0.1,1.5,0.3,16.0,0.7,1.0,2.5
12,50,1403,9.05e-04,21.7669,0.023725733160972595,0.6581666469573975,0.010201048105955124,0.027556974440813065,0.022283973172307014,0.006057784426957369,0.020457668229937553,0.06130419671535492,0.7425161600112915,5.0,0.1,1.5,0.3,16.0,0.7,1.0,2.5
12,60,1413,9.05e-04,2.8352,0.028299029916524887,0.8200597167015076,0.007406908553093672,0.03309299424290657,0.026927661150693893,0.006844582036137581,0.01999279111623764,0.07637447863817215,0.891102135181427,5.0,0.1,1.5,0.3,16.0,0.7,1.0,2.5
12,70,1423,9.05e-04,21.8086,0.028859153389930725,0.7265303730964661,0.00899048987776041,0.036451827734708786,0.027370600029826164,0.007160283625125885,0.019119542092084885,0.06976284086704254,0.8778386116027832,5.0,0.1,1.5,0.3,16.0,0.7,1.0,2.5
12,80,1433,9.05e-04,15.2094,0.0256293173879385,0.7013079524040222,0.009782439097762108,0.03066522628068924,0.023863840848207474,0.006681997328996658,0.02113288640975952,0.06825759261846542,0.8004263639450073,5.0,0.1,1.5,0.3,16.0,0.7,1.0,2.5
12,90,1443,9.05e-04,9.7494,0.023109756410121918,0.6074724793434143,0.006292726844549179,0.026492834091186523,0.022098714485764503,0.0065226079896092415,0.018969392403960228,0.06305931508541107,0.7284460067749023,5.0,0.1,1.5,0.3,16.0,0.7,1.0,2.5
12,100,1453,9.05e-04,7.5056,0.0238239374011755,0.7528706789016724,0.007168781012296677,0.028607286512851715,0.023025015369057655,0.006827753968536854,0.023450985550880432,0.06941963732242584,0.7839218378067017,5.0,0.1,1.5,0.3,16.0,0.7,1.0,2.5
12,110,1463,9.05e-04,6.0945,0.029347870498895645,0.8572313785552979,0.008236974477767944,0.038971662521362305,0.02753467485308647,0.0080624520778656,0.026390235871076584,0.07589554786682129,0.9188371300697327,5.0,0.1,1.5,0.3,16.0,0.7,1.0,2.5
12,120,1473,9.05e-04,9.0725,0.028010396286845207,0.8205902576446533,0.006867016665637493,0.037097565829753876,0.02679782547056675,0.007241349667310715,0.021781912073493004,0.0763799250125885,0.8901066780090332,5.0,0.1,1.5,0.3,16.0,0.7,1.0,2.5
13,10,1486,8.85e-04,13.6069,0.02592020481824875,0.7320278286933899,0.009730912744998932,0.03158588334918022,0.024637365713715553,0.006717176176607609,0.020841753110289574,0.06974382698535919,0.8209772109985352,5.0,0.1,1.5,0.3,16.0,0.7,1.0,2.5
13,20,1496,8.85e-04,12.5274,0.025083813816308975,0.730170488357544,0.007108904421329498,0.036050036549568176,0.023492146283388138,0.007848977111279964,0.025564994663000107,0.06631779670715332,0.7926425933837891,5.0,0.1,1.5,0.3,16.0,0.7,1.0,2.5
13,30,1506,8.85e-04,7.4322,0.02435896545648575,0.6871535181999207,0.00492880679666996,0.03209182620048523,0.023163069039583206,0.007525752764195204,0.024966305121779442,0.07447362691164017,0.7945584058761597,5.0,0.1,1.5,0.3,16.0,0.7,1.0,2.5
13,40,1516,8.85e-04,8.5875,0.02302868850529194,0.657706618309021,0.005919033195823431,0.02902206964790821,0.022163471207022667,0.006542059127241373,0.018593281507492065,0.07007286697626114,0.7514696717262268,5.0,0.1,1.5,0.3,16.0,0.7,1.0,2.5
13,50,1526,8.85e-04,19.3317,0.031131500378251076,0.9997739195823669,0.010976161807775497,0.03803468868136406,0.02915598824620247,0.007838539779186249,0.028416505083441734,0.0805271714925766,0.9852267503738403,5.0,0.1,1.5,0.3,16.0,0.7,1.0,2.5
13,60,1536,8.85e-04,7.7420,0.026907747611403465,0.9648909568786621,0.009491249918937683,0.03924943134188652,0.02532407082617283,0.006688786204904318,0.024764057248830795,0.07066980004310608,0.868345320224762,5.0,0.1,1.5,0.3,16.0,0.7,1.0,2.5
13,70,1546,8.85e-04,8.0904,0.02297491580247879,0.7783721089363098,0.0047793881967663765,0.029839184135198593,0.02219945192337036,0.006508047692477703,0.021815672516822815,0.06736936420202255,0.7588185667991638,5.0,0.1,1.5,0.3,16.0,0.7,1.0,2.5
13,80,1556,8.85e-04,22.2014,0.0325254462659359,1.1370196342468262,0.014032150618731976,0.04174628108739853,0.030055683106184006,0.007523879408836365,0.02442662976682186,0.07649286091327667,1.0117177963256836,5.0,0.1,1.5,0.3,16.0,0.7,1.0,2.5
13,90,1566,8.85e-04,8.1283,0.02321789786219597,0.6471233367919922,0.007757408078759909,0.030204417183995247,0.022127468138933182,0.0067616356536746025,0.022687997668981552,0.05960660055279732,0.7319763898849487,5.0,0.1,1.5,0.3,16.0,0.7,1.0,2.5
13,100,1576,8.85e-04,18.8907,0.03262753784656525,0.9579892158508301,0.008878326043486595,0.039141155779361725,0.030876828357577324,0.0081178555265069,0.024226263165473938,0.07963882386684418,1.0070315599441528,5.0,0.1,1.5,0.3,16.0,0.7,1.0,2.5
13,110,1586,8.85e-04,7.7318,0.028839649632573128,0.9691979885101318,0.013705791905522346,0.03602881729602814,0.0262968260794878,0.007589215878397226,0.026535984128713608,0.07167521864175797,0.9042710065841675,5.0,0.1,1.5,0.3,16.0,0.7,1.0,2.5
13,120,1596,8.85e-04,10.4023,0.02462872304022312,0.8057278394699097,0.0057851336896419525,0.03220565244555473,0.023808252066373825,0.0059065064415335655,0.018173974007368088,0.07145271450281143,0.8039281368255615,5.0,0.1,1.5,0.3,16.0,0.7,1.0,2.5
14,10,1609,8.65e-04,13.5868,0.026117373257875443,0.7557398080825806,0.007876175455749035,0.031143413856625557,0.024539586156606674,0.007087716367095709,0.021747995167970657,0.07013890147209167,0.8220081329345703,5.0,0.1,1.5,0.3,16.0,0.7,1.0,2.5
14,20,1619,8.65e-04,14.0990,0.025933030992746353,0.8328465819358826,0.0062200529500842094,0.03786372020840645,0.0249389186501503,0.007258483208715916,0.020955845713615417,0.07579758018255234,0.8481924533843994,5.0,0.1,1.5,0.3,16.0,0.7,1.0,2.5
14,30,1629,8.65e-04,8.3552,0.025641940534114838,0.7399873733520508,0.009133055806159973,0.029902197420597076,0.0238186027854681,0.006749803200364113,0.023104293271899223,0.0731782391667366,0.8167511224746704,5.0,0.1,1.5,0.3,16.0,0.7,1.0,2.5
14,40,1639,8.65e-04,6.9266,0.02448219247162342,0.7270295023918152,0.008327921852469444,0.034962248057127,0.022687658667564392,0.006852279417216778,0.021786890923976898,0.05800740420818329,0.7526990175247192,5.0,0.1,1.5,0.3,16.0,0.7,1.0,2.5
14,50,1649,8.65e-04,13.6308,0.023549918085336685,0.6432434320449829,0.0076129320077598095,0.029411382973194122,0.02215144783258438,0.006842754781246185,0.021454576402902603,0.06378893554210663,0.7424567937850952,5.0,0.1,1.5,0.3,16.0,0.7,1.0,2.5
14,60,1659,8.65e-04,11.2745,0.022602448239922523,0.637852668762207,0.008918695151805878,0.023822611197829247,0.021287156268954277,0.006473003886640072,0.018769554793834686,0.0595998652279377,0.7102171182632446,5.0,0.1,1.5,0.3,16.0,0.7,1.0,2.5
14,70,1669,8.65e-04,15.9784,0.023277832195162773,0.6822980046272278,0.006544526666402817,0.028933431953191757,0.022015448659658432,0.006523667834699154,0.019877109676599503,0.06861238181591034,0.7513375878334045,5.0,0.1,1.5,0.3,16.0,0.7,1.0,2.5
14,80,1679,8.65e-04,13.2054,0.030925866216421127,0.9045854210853577,0.007485131733119488,0.041277170181274414,0.029273303225636482,0.00895664468407631,0.02763078175485134,0.08321243524551392,0.9790031909942627,5.0,0.1,1.5,0.3,16.0,0.7,1.0,2.5
14,90,1689,8.65e-04,8.6865,0.020872600376605988,0.4881696403026581,0.006391092669218779,0.027062399312853813,0.01951345056295395,0.006998701486736536,0.021523838862776756,0.05355730652809143,0.643416702747345,5.0,0.1,1.5,0.3,16.0,0.7,1.0,2.5
14,100,1699,8.65e-04,12.4601,0.02290758304297924,0.657835066318512,0.005814913660287857,0.02629520744085312,0.021952694281935692,0.007150860037654638,0.022885002195835114,0.07161695510149002,0.7551084756851196,5.0,0.1,1.5,0.3,16.0,0.7,1.0,2.5
14,110,1709,8.65e-04,6.5017,0.024077869951725006,0.6997227072715759,0.008816665038466454,0.02917470410466194,0.023000195622444153,0.006602145731449127,0.01852833852171898,0.059025637805461884,0.7510561347007751,5.0,0.1,1.5,0.3,16.0,0.7,1.0,2.5
14,120,1719,8.65e-04,15.4324,0.024878395721316338,0.7821339964866638,0.009767310693860054,0.03618032857775688,0.02328001707792282,0.00835234485566616,0.027766913175582886,0.0642521008849144,0.7948344945907593,5.0,0.1,1.5,0.3,16.0,0.7,1.0,2.5
15,10,1732,8.42e-04,10.3431,0.027145985513925552,0.7085630297660828,0.006071101408451796,0.03264976292848587,0.025426765903830528,0.00791038665920496,0.023892676457762718,0.07378634065389633,0.8462119102478027,5.0,0.1,1.5,0.3,16.0,0.7,1.0,2.5
15,20,1742,8.42e-04,14.9693,0.027344226837158203,0.858105480670929,0.010484239086508751,0.032940108329057693,0.025636496022343636,0.00668607372790575,0.02137959748506546,0.07827470451593399,0.8800706267356873,5.0,0.1,1.5,0.3,16.0,0.7,1.0,2.5
15,30,1752,8.42e-04,11.9004,0.028916751965880394,0.823078453540802,0.01210503838956356,0.034886907786130905,0.02668389305472374,0.0070452699437737465,0.02222709357738495,0.07386372238397598,0.8942756652832031,5.0,0.1,1.5,0.3,16.0,0.7,1.0,2.5
15,40,1762,8.42e-04,10.9713,0.033023640513420105,0.9576244354248047,0.009870425797998905,0.03619801998138428,0.031033257022500038,0.00823155790567398,0.023899834603071213,0.08044885843992233,1.013861894607544,5.0,0.1,1.5,0.3,16.0,0.7,1.0,2.5
15,50,1772,8.42e-04,13.4953,0.023376882076263428,0.6581763625144958,0.006216253153979778,0.027263110503554344,0.02194841206073761,0.006594652775675058,0.020986516028642654,0.06479672342538834,0.7389745712280273,5.0,0.1,1.5,0.3,16.0,0.7,1.0,2.5
15,60,1782,8.42e-04,9.0729,0.02699870802462101,0.8140591979026794,0.00973047036677599,0.04016384482383728,0.025389548391103745,0.00744256004691124,0.023407679051160812,0.06502218544483185,0.8404500484466553,5.0,0.1,1.5,0.3,16.0,0.7,1.0,2.5
15,70,1792,8.42e-04,15.5853,0.02607063762843609,0.837303876876831,0.008579718880355358,0.04281378537416458,0.024059418588876724,0.007038327865302563,0.02404789626598358,0.06841927766799927,0.8247709274291992,5.0,0.1,1.5,0.3,16.0,0.7,1.0,2.5
15,80,1802,8.42e-04,31.8004,0.027506159618496895,0.6946636438369751,0.013594991527497768,0.03452632576227188,0.025413213297724724,0.0076233381405472755,0.02630734071135521,0.0715799555182457,0.8549525737762451,5.0,0.1,1.5,0.3,16.0,0.7,1.0,2.5
15,90,1812,8.42e-04,19.6855,0.028464561328291893,1.0162187814712524,0.010972276329994202,0.038452595472335815,0.026681357994675636,0.007780406624078751,0.024107739329338074,0.06904727965593338,0.9010128378868103,5.0,0.1,1.5,0.3,16.0,0.7,1.0,2.5
15,100,1822,8.42e-04,24.6186,0.023365505039691925,0.6683643460273743,0.007943188771605492,0.03148430213332176,0.02181333117187023,0.007043743506073952,0.022667434066534042,0.0647766962647438,0.7435771226882935,5.0,0.1,1.5,0.3,16.0,0.7,1.0,2.5
15,110,1832,8.42e-04,11.4646,0.019784890115261078,0.5088165998458862,0.006605062633752823,0.026566576212644577,0.018673021346330643,0.006277784705162048,0.01972772553563118,0.05949172377586365,0.6393035054206848,5.0,0.1,1.5,0.3,16.0,0.7,1.0,2.5
15,120,1842,8.42e-04,13.2876,0.029427271336317062,1.0219329595565796,0.007072522304952145,0.04066114127635956,0.02806086093187332,0.008635761216282845,0.028422892093658447,0.08132327347993851,0.9588866829872131,5.0,0.1,1.5,0.3,16.0,0.7,1.0,2.5
16,10,1855,8.19e-04,10.2760,0.026355156674981117,0.8251680731773376,0.008019499480724335,0.036919932812452316,0.02493150345981121,0.008047119714319706,0.02575240097939968,0.08136381208896637,0.8710968494415283,5.0,0.1,1.5,0.3,16.0,0.7,1.0,2.5
16,20,1865,8.19e-04,16.3768,0.028963206335902214,1.0360676050186157,0.011327731423079967,0.0361095666885376,0.027159055694937706,0.006652595940977335,0.02312689647078514,0.07752890139818192,0.9323981404304504,5.0,0.1,1.5,0.3,16.0,0.7,1.0,2.5
16,30,1875,8.19e-04,8.1189,0.022521618753671646,0.5823938846588135,0.007187155541032553,0.03225750848650932,0.02120734006166458,0.008124051615595818,0.025440361350774765,0.059287238866090775,0.7099681496620178,5.0,0.1,1.5,0.3,16.0,0.7,1.0,2.5
16,40,1885,8.19e-04,6.8262,0.020278651267290115,0.5435154438018799,0.008122442290186882,0.023087231442332268,0.01889924518764019,0.006094188895076513,0.020052079111337662,0.052229877561330795,0.632135272026062,5.0,0.1,1.5,0.3,16.0,0.7,1.0,2.5
16,50,1895,8.19e-04,16.6470,0.021864689886569977,0.6400163173675537,0.006167644169181585,0.025578932836651802,0.020587444305419922,0.006315531674772501,0.02042602002620697,0.070024773478508,0.7195581793785095,5.0,0.1,1.5,0.3,16.0,0.7,1.0,2.5
16,60,1905,8.19e-04,5.9567,0.025502173230051994,0.7158346176147461,0.006948032882064581,0.036161161959171295,0.02431139163672924,0.007228799629956484,0.02162998914718628,0.06929290294647217,0.809269368648529,5.0,0.1,1.5,0.3,16.0,0.7,1.0,2.5
16,70,1915,8.19e-04,14.1495,0.02327682077884674,0.7102973461151123,0.006797516252845526,0.031494174152612686,0.02153160236775875,0.006933737546205521,0.023081181570887566,0.05887852609157562,0.7266950607299805,5.0,0.1,1.5,0.3,16.0,0.7,1.0,2.5
16,80,1925,8.19e-04,13.0219,0.025921206921339035,0.8212416172027588,0.008380699902772903,0.03688468039035797,0.024693557992577553,0.007670585066080093,0.024543147534132004,0.06663964688777924,0.8269753456115723,5.0,0.1,1.5,0.3,16.0,0.7,1.0,2.5
16,90,1935,8.19e-04,23.1747,0.023966684937477112,0.6435388326644897,0.008839521557092667,0.029101064428687096,0.022377859801054,0.006995896343141794,0.02054019644856453,0.06577380746603012,0.7540944814682007,5.0,0.1,1.5,0.3,16.0,0.7,1.0,2.5
16,100,1945,8.19e-04,9.1824,0.02462059073150158,0.7638535499572754,0.0061826035380363464,0.03292755410075188,0.023580672219395638,0.007461783476173878,0.023555632680654526,0.07176075130701065,0.8041120171546936,5.0,0.1,1.5,0.3,16.0,0.7,1.0,2.5
16,110,1955,8.19e-04,9.5189,0.023677470162510872,0.7614988088607788,0.006034202873706818,0.02832121029496193,0.022842805832624435,0.007479943800717592,0.023678239434957504,0.06382585316896439,0.7660486102104187,5.0,0.1,1.5,0.3,16.0,0.7,1.0,2.5
16,120,1965,8.19e-04,9.1917,0.028919486328959465,1.003180980682373,0.007102565374225378,0.04373706504702568,0.027587026357650757,0.008709611371159554,0.027516935020685196,0.0739460363984108,0.9285616874694824,5.0,0.1,1.5,0.3,16.0,0.7,1.0,2.5
17,10,1978,7.94e-04,11.7144,0.023673037067055702,0.6301699876785278,0.005628294311463833,0.03563661128282547,0.022584589198231697,0.007326329126954079,0.022107070311903954,0.06488224864006042,0.7513101696968079,5.0,0.1,1.5,0.3,16.0,0.7,1.0,2.5
17,20,1988,7.94e-04,19.5840,0.022152937948703766,0.5570928454399109,0.0066198548302054405,0.02646152302622795,0.02101019211113453,0.007428453769534826,0.021638207137584686,0.058578819036483765,0.6937904953956604,5.0,0.1,1.5,0.3,16.0,0.7,1.0,2.5
17,30,1998,7.94e-04,4.7779,0.02794230915606022,0.7993379235267639,0.00641034496948123,0.03885738551616669,0.026181641966104507,0.007688469719141722,0.019385289400815964,0.06419190764427185,0.8450713753700256,5.0,0.1,1.5,0.3,16.0,0.7,1.0,2.5
17,40,2008,7.94e-04,9.6214,0.02559708245098591,0.7618553042411804,0.007348889485001564,0.03710941970348358,0.023794973269104958,0.008056065998971462,0.026998519897460938,0.0651024654507637,0.8024405837059021,5.0,0.1,1.5,0.3,16.0,0.7,1.0,2.5
17,50,2018,7.94e-04,19.0505,0.02678133174777031,0.9785279035568237,0.010372302494943142,0.04817432537674904,0.02512579970061779,0.007139032706618309,0.023604534566402435,0.06424756348133087,0.853003740310669,5.0,0.1,1.5,0.3,16.0,0.7,1.0,2.5
17,60,2028,7.94e-04,15.2621,0.02525177039206028,0.8015976548194885,0.006795082241296768,0.03297519311308861,0.02401142008602619,0.0071870265528559685,0.0245808195322752,0.07062004506587982,0.8168483972549438,5.0,0.1,1.5,0.3,16.0,0.7,1.0,2.5
17,70,2038,7.94e-04,8.9156,0.02532745525240898,0.7666999101638794,0.007080196402966976,0.039223138242959976,0.023775584995746613,0.008172464556992054,0.025673940777778625,0.0640002116560936,0.7974990606307983,5.0,0.1,1.5,0.3,16.0,0.7,1.0,2.5
17,80,2048,7.94e-04,17.3956,0.022171398624777794,0.5989404320716858,0.005705855321139097,0.02892761491239071,0.020866600796580315,0.007123249117285013,0.023755770176649094,0.06249435991048813,0.706831693649292,5.0,0.1,1.5,0.3,16.0,0.7,1.0,2.5
17,90,2058,7.94e-04,6.5126,0.02602769248187542,0.7533036470413208,0.006263919174671173,0.036823224276304245,0.024623198434710503,0.008492695167660713,0.0261639766395092,0.06841100752353668,0.82301926612854,5.0,0.1,1.5,0.3,16.0,0.7,1.0,2.5
17,100,2068,7.94e-04,17.8023,0.026515847072005272,0.7125222682952881,0.007212183438241482,0.030446195974946022,0.025554010644555092,0.007887812331318855,0.018648717552423477,0.07178656756877899,0.8362843990325928,5.0,0.1,1.5,0.3,16.0,0.7,1.0,2.5
17,110,2078,7.94e-04,32.5375,0.026696939021348953,0.8643547892570496,0.01233101449906826,0.032780617475509644,0.024484580382704735,0.006423475220799446,0.02121374011039734,0.07515352964401245,0.8535982370376587,5.0,0.1,1.5,0.3,16.0,0.7,1.0,2.5
17,120,2088,7.94e-04,18.2274,0.027143673971295357,0.8720698356628418,0.0074852160178124905,0.03248906135559082,0.025822510942816734,0.006980324164032936,0.02173512801527977,0.07429370284080505,0.8694157004356384,5.0,0.1,1.5,0.3,16.0,0.7,1.0,2.5
18,10,2101,7.68e-04,6.7438,0.02378017082810402,0.6411027908325195,0.006000026129186153,0.02766237035393715,0.022540505975484848,0.007052999921143055,0.01924719661474228,0.07115644961595535,0.763033390045166,5.0,0.1,1.5,0.3,16.0,0.7,1.0,2.5
18,20,2111,7.68e-04,8.6488,0.030888104811310768,1.0503387451171875,0.008938036859035492,0.04053325206041336,0.029604965820908546,0.007820766419172287,0.024798741564154625,0.08228091895580292,0.9946964383125305,5.0,0.1,1.5,0.3,16.0,0.7,1.0,2.5
18,30,2121,7.68e-04,2.7327,0.02750147134065628,0.8638754487037659,0.005669407080858946,0.035213012248277664,0.026263073086738586,0.00780273973941803,0.02204841375350952,0.07588689029216766,0.8803996443748474,5.0,0.1,1.5,0.3,16.0,0.7,1.0,2.5
18,40,2131,7.68e-04,8.2986,0.019931213930249214,0.5559706687927246,0.007177392952144146,0.02439023181796074,0.018732547760009766,0.005814428441226482,0.019590824842453003,0.05581012740731239,0.6362433433532715,5.0,0.1,1.5,0.3,16.0,0.7,1.0,2.5
18,50,2141,7.68e-04,14.9860,0.022947898134589195,0.60313481092453,0.005603953264653683,0.029126647859811783,0.02211623452603817,0.007240745238959789,0.020351292565464973,0.062389276921749115,0.7274496555328369,5.0,0.1,1.5,0.3,16.0,0.7,1.0,2.5
18,60,2151,7.68e-04,5.3792,0.022232772782444954,0.6307852268218994,0.007572362199425697,0.029149724170565605,0.021230263635516167,0.006935138255357742,0.02002524398267269,0.06570229679346085,0.7231656908988953,5.0,0.1,1.5,0.3,16.0,0.7,1.0,2.5
18,70,2161,7.68e-04,18.1948,0.022420600056648254,0.5593222379684448,0.006079680286347866,0.027300028130412102,0.021068135276436806,0.008555414155125618,0.02568301558494568,0.05872809886932373,0.7009269595146179,5.0,0.1,1.5,0.3,16.0,0.7,1.0,2.5
18,80,2171,7.68e-04,28.9787,0.02877584658563137,0.7950363159179688,0.012312222272157669,0.02816084399819374,0.027044881135225296,0.006768908351659775,0.019853901118040085,0.07873930782079697,0.9044579267501831,5.0,0.1,1.5,0.3,16.0,0.7,1.0,2.5
18,90,2181,7.68e-04,17.1782,0.026035990566015244,0.8343685865402222,0.005467377603054047,0.03835479915142059,0.024839118123054504,0.007688684388995171,0.022626396268606186,0.07727599143981934,0.851948618888855,5.0,0.1,1.5,0.3,16.0,0.7,1.0,2.5
18,100,2191,7.68e-04,10.2412,0.02057565562427044,0.6009265780448914,0.005365735851228237,0.02780826948583126,0.019586702808737755,0.006587885785847902,0.023365460336208344,0.05856313183903694,0.6671341061592102,5.0,0.1,1.5,0.3,16.0,0.7,1.0,2.5
18,110,2201,7.68e-04,5.5450,0.03071119822561741,1.0702767372131348,0.008250502869486809,0.044404447078704834,0.028758158907294273,0.008162452839314938,0.02425330877304077,0.07499971240758896,0.9638776183128357,5.0,0.1,1.5,0.3,16.0,0.7,1.0,2.5
18,120,2211,7.68e-04,10.7547,0.023798547685146332,0.7762323021888733,0.004780339077115059,0.037760600447654724,0.022790925577282906,0.007909287698566914,0.022494390606880188,0.061022013425827026,0.7603554129600525,5.0,0.1,1.5,0.3,16.0,0.7,1.0,2.5
19,10,2224,7.41e-04,6.3222,0.022433768957853317,0.7323868274688721,0.0052439505234360695,0.030489837750792503,0.021518023684620857,0.007695003878325224,0.026032429188489914,0.0656927227973938,0.7423596382141113,5.0,0.1,1.5,0.3,16.0,0.7,1.0,2.5
19,20,2234,7.41e-04,17.2483,0.027411894872784615,0.902958869934082,0.00869661197066307,0.03997919708490372,0.025936853140592575,0.008375542238354683,0.030083656311035156,0.07408206909894943,0.8885353803634644,5.0,0.1,1.5,0.3,16.0,0.7,1.0,2.5
19,30,2244,7.41e-04,13.8859,0.024969270452857018,0.7557408213615417,0.006356232799589634,0.030784972012043,0.023785924538969994,0.00749158626422286,0.02146103046834469,0.07077229768037796,0.8034009337425232,5.0,0.1,1.5,0.3,16.0,0.7,1.0,2.5
19,40,2254,7.41e-04,23.5712,0.025989778339862823,0.7469177842140198,0.009040231816470623,0.040920235216617584,0.02455580048263073,0.007634549401700497,0.021283118054270744,0.06499303877353668,0.8124797344207764,5.0,0.1,1.5,0.3,16.0,0.7,1.0,2.5
19,50,2264,7.41e-04,7.5249,0.021391630172729492,0.688288688659668,0.004213682841509581,0.028363928198814392,0.02044912613928318,0.007333528250455856,0.024928640574216843,0.0601859949529171,0.6983298063278198,5.0,0.1,1.5,0.3,16.0,0.7,1.0,2.5
19,60,2274,7.41e-04,11.8554,0.017664412036538124,0.4995937645435333,0.004459533374756575,0.021212000399827957,0.01689412258565426,0.005864744074642658,0.018798014149069786,0.05330970883369446,0.5778179168701172,5.0,0.1,1.5,0.3,16.0,0.7,1.0,2.5
19,70,2284,7.41e-04,19.1659,0.027023565024137497,0.6441789865493774,0.009407767094671726,0.035801000893116,0.0255866888910532,0.008043425157666206,0.021812617778778076,0.06893916428089142,0.8335655927658081,5.0,0.1,1.5,0.3,16.0,0.7,1.0,2.5
19,80,2294,7.41e-04,18.3888,0.025179803371429443,0.6438438296318054,0.007179666310548782,0.02813258208334446,0.023733729496598244,0.007955474779009819,0.02376970462501049,0.06324465572834015,0.7766824960708618,5.0,0.1,1.5,0.3,16.0,0.7,1.0,2.5
19,90,2304,7.41e-04,5.6530,0.02147682197391987,0.6085688471794128,0.00354722305200994,0.03015037626028061,0.020224064588546753,0.007595866918563843,0.023946646600961685,0.061946120113134384,0.6903209686279297,5.0,0.1,1.5,0.3,16.0,0.7,1.0,2.5
19,100,2314,7.41e-04,14.3717,0.024971364066004753,0.6652458906173706,0.007889884524047375,0.028750158846378326,0.023481987416744232,0.007005047053098679,0.022519826889038086,0.07186400890350342,0.7946364879608154,5.0,0.1,1.5,0.3,16.0,0.7,1.0,2.5
19,110,2324,7.41e-04,11.5199,0.024718133732676506,0.6704553961753845,0.007813960313796997,0.035367246717214584,0.023287372663617134,0.009223531931638718,0.027127977460622787,0.0647004172205925,0.7809008359909058,5.0,0.1,1.5,0.3,16.0,0.7,1.0,2.5
19,120,2334,7.41e-04,9.2216,0.023907020688056946,0.6954810619354248,0.004333823453634977,0.029243478551506996,0.023478278890252113,0.007115689571946859,0.019420742988586426,0.07184692472219467,0.7840285301208496,5.0,0.1,1.5,0.3,16.0,0.7,1.0,2.5
20,10,2347,7.13e-04,19.2464,0.026391727849841118,0.7682006359100342,0.011884553357958794,0.03781994432210922,0.0245484858751297,0.00717896968126297,0.022553931921720505,0.06480024009943008,0.8203070759773254,5.0,0.1,1.5,0.3,16.0,0.7,1.0,2.5
20,20,2357,7.13e-04,11.6336,0.024644874036312103,0.7201706171035767,0.0059354957193136215,0.0355905219912529,0.023431986570358276,0.008077281527221203,0.02425403892993927,0.06459590792655945,0.7811315059661865,5.0,0.1,1.5,0.3,16.0,0.7,1.0,2.5
20,30,2367,7.13e-04,5.8496,0.02388620562851429,0.6910838484764099,0.004447195678949356,0.02769164927303791,0.022716106846928596,0.008028612472116947,0.02250613272190094,0.07208555936813354,0.7753154039382935,5.0,0.1,1.5,0.3,16.0,0.7,1.0,2.5
20,40,2377,7.13e-04,12.6681,0.02551332488656044,0.9482296109199524,0.009282970800995827,0.04423242434859276,0.02408467046916485,0.007537638768553734,0.025582030415534973,0.06885270774364471,0.8379285931587219,5.0,0.1,1.5,0.3,16.0,0.7,1.0,2.5
20,50,2387,7.13e-04,19.1438,0.02970896102488041,0.9419647455215454,0.012987061403691769,0.03868177905678749,0.02757328748703003,0.007342039607465267,0.023957043886184692,0.07322957366704941,0.9271693825721741,5.0,0.1,1.5,0.3,16.0,0.7,1.0,2.5
20,60,2397,7.13e-04,4.4521,0.02507355995476246,0.8714249134063721,0.005552628077566624,0.03404591977596283,0.02406214363873005,0.007156454958021641,0.02353024110198021,0.07408338785171509,0.8297955989837646,5.0,0.1,1.5,0.3,16.0,0.7,1.0,2.5
20,70,2407,7.13e-04,6.8871,0.030232073739171028,0.7630650401115417,0.005856789648532867,0.0367218442261219,0.028495166450738907,0.009055836126208305,0.02607320062816143,0.07878273725509644,0.9325604438781738,5.0,0.1,1.5,0.3,16.0,0.7,1.0,2.5
20,80,2417,7.13e-04,8.5512,0.026416102424263954,0.7978015542030334,0.005711921490728855,0.03959273546934128,0.02562336064875126,0.008064662106335163,0.02403775416314602,0.07082509249448776,0.8490259051322937,5.0,0.1,1.5,0.3,16.0,0.7,1.0,2.5
20,90,2427,7.13e-04,8.8817,0.02143857255578041,0.5320333242416382,0.005128056742250919,0.021882086992263794,0.020740844309329987,0.006870395969599485,0.018681224435567856,0.06010357290506363,0.6802558898925781,5.0,0.1,1.5,0.3,16.0,0.7,1.0,2.5
20,100,2437,7.13e-04,11.9020,0.0225847065448761,0.6768835783004761,0.00597015768289566,0.02989056333899498,0.02129759080708027,0.008352506905794144,0.026816442608833313,0.06976734846830368,0.7463773488998413,5.0,0.1,1.5,0.3,16.0,0.7,1.0,2.5
20,110,2447,7.13e-04,7.1878,0.02640514262020588,0.743065595626831,0.0065149846486747265,0.03761724382638931,0.024719253182411194,0.0076325018890202045,0.023315131664276123,0.07711318135261536,0.8443387746810913,5.0,0.1,1.5,0.3,16.0,0.7,1.0,2.5
20,120,2457,7.13e-04,12.3435,0.021374356001615524,0.6246150135993958,0.005269703455269337,0.025687461718916893,0.02051450125873089,0.0070382338017225266,0.021494686603546143,0.05656398460268974,0.6810075044631958,5.0,0.1,1.5,0.3,16.0,0.7,1.0,2.5
21,10,2470,6.84e-04,10.0424,0.02935168333351612,0.8549155592918396,0.010448714718222618,0.03252129256725311,0.027192849665880203,0.0069871023297309875,0.021737081930041313,0.08752574026584625,0.9382073879241943,5.0,0.1,1.5,0.3,16.0,0.7,1.0,2.5
21,20,2480,6.84e-04,10.7393,0.027463078498840332,0.9111471176147461,0.00553235225379467,0.030779076740145683,0.026284905150532722,0.007341008633375168,0.022772282361984253,0.0801997184753418,0.8949310779571533,5.0,0.1,1.5,0.3,16.0,0.7,1.0,2.5
21,30,2490,6.84e-04,16.6353,0.030445586889982224,0.762932300567627,0.010006802156567574,0.03808597847819328,0.028550762683153152,0.008758310228586197,0.026177024468779564,0.0839613601565361,0.9539806246757507,5.0,0.1,1.5,0.3,16.0,0.7,1.0,2.5
21,40,2500,6.84e-04,5.3096,0.021982060745358467,0.581998884677887,0.003605316858738661,0.030451804399490356,0.02120526321232319,0.008479440584778786,0.025180548429489136,0.05905984714627266,0.7007037401199341,5.0,0.1,1.5,0.3,16.0,0.7,1.0,2.5
21,50,2510,6.84e-04,21.8306,0.03077833540737629,0.846981406211853,0.01456470601260662,0.040083147585392,0.02837882563471794,0.007822385057806969,0.022432833909988403,0.07704582810401917,0.9470460414886475,5.0,0.1,1.5,0.3,16.0,0.7,1.0,2.5
21,60,2520,6.84e-04,10.7784,0.025882408022880554,0.7568066120147705,0.004234694875776768,0.037305429577827454,0.02508033812046051,0.008435366675257683,0.023155389353632927,0.07267507165670395,0.8346695899963379,5.0,0.1,1.5,0.3,16.0,0.7,1.0,2.5
21,70,2530,6.84e-04,12.5650,0.028168894350528717,0.9333212375640869,0.009552418254315853,0.03645192086696625,0.02670505829155445,0.008803440257906914,0.024929335340857506,0.07761448621749878,0.9118497371673584,5.0,0.1,1.5,0.3,16.0,0.7,1.0,2.5
21,80,2540,6.84e-04,15.7653,0.027825336903333664,0.8232246041297913,0.011020423844456673,0.037383951246738434,0.026289165019989014,0.007970355451107025,0.02471200004220009,0.06724724918603897,0.8682309985160828,5.0,0.1,1.5,0.3,16.0,0.7,1.0,2.5
21,90,2550,6.84e-04,13.8507,0.024771347641944885,0.7510358691215515,0.005741603206843138,0.032949790358543396,0.023852353915572166,0.00790480151772499,0.023638835176825523,0.06561961770057678,0.7923165559768677,5.0,0.1,1.5,0.3,16.0,0.7,1.0,2.5
21,100,2560,6.84e-04,8.0088,0.021180829033255577,0.6288610696792603,0.006580240558832884,0.026120450347661972,0.0199381522834301,0.006769899744540453,0.02084827423095703,0.06148000806570053,0.6847944259643555,5.0,0.1,1.5,0.3,16.0,0.7,1.0,2.5
21,110,2570,6.84e-04,21.6373,0.02508990839123726,0.7418636679649353,0.00580811221152544,0.03503482788801193,0.02370700240135193,0.008078034035861492,0.025183342397212982,0.07004106044769287,0.8041111826896667,5.0,0.1,1.5,0.3,16.0,0.7,1.0,2.5
21,120,2580,6.84e-04,5.1284,0.027316439896821976,0.7891817092895508,0.007578065153211355,0.04126114770770073,0.025779101997613907,0.009647205471992493,0.028741445392370224,0.07191640138626099,0.8669968843460083,5.0,0.1,1.5,0.3,16.0,0.7,1.0,2.5
22,10,2593,6.55e-04,11.5179,0.017271237447857857,0.4773913621902466,0.004504650831222534,0.022223351523280144,0.016290105879306793,0.006607984192669392,0.020828332751989365,0.0553608164191246,0.5720169544219971,5.0,0.1,1.5,0.3,16.0,0.7,1.0,2.5
22,20,2603,6.55e-04,17.7404,0.02525307610630989,0.7199841737747192,0.006818245630711317,0.03204943612217903,0.02417062036693096,0.008852536790072918,0.02596389874815941,0.07478369772434235,0.8239558935165405,5.0,0.1,1.5,0.3,16.0,0.7,1.0,2.5
22,30,2613,6.55e-04,15.2826,0.027196673676371574,0.7883187532424927,0.004768820479512215,0.036936964839696884,0.02588273026049137,0.00824329350143671,0.023915037512779236,0.07281291484832764,0.8588908910751343,5.0,0.1,1.5,0.3,16.0,0.7,1.0,2.5
22,40,2623,6.55e-04,23.4672,0.029256725683808327,1.1551848649978638,0.010106115601956844,0.0496831089258194,0.02774662710726261,0.008516265079379082,0.03020831011235714,0.08602126687765121,0.9870350360870361,5.0,0.1,1.5,0.3,16.0,0.7,1.0,2.5
22,50,2633,6.55e-04,24.1873,0.021498216316103935,0.5718052387237549,0.009188517928123474,0.030024029314517975,0.020188424736261368,0.007053801789879799,0.02063542604446411,0.05191663280129433,0.6658409833908081,5.0,0.1,1.5,0.3,16.0,0.7,1.0,2.5
22,60,2643,6.55e-04,19.4315,0.024536065757274628,0.8033355474472046,0.007579072378575802,0.03203141689300537,0.023676419630646706,0.007438164670020342,0.023707209154963493,0.06970755755901337,0.8059974312782288,5.0,0.1,1.5,0.3,16.0,0.7,1.0,2.5
22,70,2653,6.55e-04,12.9123,0.02464229054749012,0.6739427447319031,0.006436876021325588,0.04001174867153168,0.02282671630382538,0.007682047784328461,0.02182338386774063,0.060871925204992294,0.7568726539611816,5.0,0.1,1.5,0.3,16.0,0.7,1.0,2.5
22,80,2663,6.55e-04,5.9334,0.024165155366063118,0.7192903757095337,0.005273276008665562,0.031954213976860046,0.02322111465036869,0.00805054884403944,0.02244296297430992,0.06721802055835724,0.7779121398925781,5.0,0.1,1.5,0.3,16.0,0.7,1.0,2.5
22,90,2673,6.55e-04,11.0529,0.02409830503165722,0.6494622826576233,0.004497488494962454,0.03240364417433739,0.023267269134521484,0.007827124558389187,0.02198198437690735,0.06704549491405487,0.7692561149597168,5.0,0.1,1.5,0.3,16.0,0.7,1.0,2.5
22,100,2683,6.55e-04,16.6559,0.026349477469921112,0.640060544013977,0.008289407007396221,0.034155428409576416,0.024884827435016632,0.007942861877381802,0.023988302797079086,0.07110680639743805,0.8239067792892456,5.0,0.1,1.5,0.3,16.0,0.7,1.0,2.5
22,110,2693,6.55e-04,9.5431,0.02066480927169323,0.628315269947052,0.0062024532817304134,0.024857277050614357,0.020175345242023468,0.006091609597206116,0.019513577222824097,0.062426261603832245,0.6855652928352356,5.0,0.1,1.5,0.3,16.0,0.7,1.0,2.5
22,120,2703,6.55e-04,24.5262,0.02769872173666954,0.8699404001235962,0.0117515679448843,0.03729333356022835,0.025981547310948372,0.00817720778286457,0.023041442036628723,0.073466457426548,0.882439374923706,5.0,0.1,1.5,0.3,16.0,0.7,1.0,2.5
23,10,2716,6.25e-04,19.9241,0.02795116975903511,0.8874742388725281,0.0147326048463583,0.03487928584218025,0.02591007947921753,0.008270716294646263,0.027433454990386963,0.06703401356935501,0.8764352202415466,5.0,0.1,1.5,0.3,16.0,0.7,1.0,2.5
23,20,2726,6.25e-04,15.3175,0.024595066905021667,0.6979979276657104,0.005601896904408932,0.030827971175312996,0.02349412627518177,0.007656947709619999,0.02276504784822464,0.06835037469863892,0.7853332757949829,5.0,0.1,1.5,0.3,16.0,0.7,1.0,2.5
23,30,2736,6.25e-04,8.0413,0.022461704909801483,0.6012209057807922,0.0058390898630023,0.027277320623397827,0.02161196805536747,0.007805880159139633,0.021740024909377098,0.06435476243495941,0.7232550382614136,5.0,0.1,1.5,0.3,16.0,0.7,1.0,2.5
23,40,2746,6.25e-04,3.2150,0.026443632319569588,0.8164771199226379,0.008272211067378521,0.035395488142967224,0.025172000750899315,0.007499540690332651,0.022419199347496033,0.07746967673301697,0.8609879612922668,5.0,0.1,1.5,0.3,16.0,0.7,1.0,2.5
23,50,2756,6.25e-04,18.6625,0.026272716000676155,0.779597818851471,0.0081265177577734,0.03483404219150543,0.025049051269888878,0.008827712386846542,0.025947391986846924,0.07324545830488205,0.8479886054992676,5.0,0.1,1.5,0.3,16.0,0.7,1.0,2.5
23,60,2766,6.25e-04,8.9238,0.023215707391500473,0.7802634835243225,0.0036912690848112106,0.03178437426686287,0.022275347262620926,0.00703415647149086,0.02239714190363884,0.07034286111593246,0.7687608003616333,5.0,0.1,1.5,0.3,16.0,0.7,1.0,2.5
23,70,2776,6.25e-04,17.4664,0.028391025960445404,0.9998578429222107,0.010577837005257607,0.044836871325969696,0.026244042441248894,0.008957348763942719,0.027317460626363754,0.07208241522312164,0.9049570560455322,5.0,0.1,1.5,0.3,16.0,0.7,1.0,2.5
23,80,2786,6.25e-04,11.0490,0.026491090655326843,0.6957889199256897,0.004518154077231884,0.02827988751232624,0.0254649855196476,0.007946612313389778,0.020176392048597336,0.08062884956598282,0.8520464301109314,5.0,0.1,1.5,0.3,16.0,0.7,1.0,2.5
23,90,2796,6.25e-04,2.8893,0.021253058686852455,0.661143958568573,0.004592853598296642,0.03055589459836483,0.02015865221619606,0.0077116889879107475,0.023937208577990532,0.05786097049713135,0.6849619746208191,5.0,0.1,1.5,0.3,16.0,0.7,1.0,2.5
23,100,2806,6.25e-04,10.5870,0.02637353166937828,0.8083059191703796,0.006951385177671909,0.04082557186484337,0.024685164913535118,0.009124867618083954,0.02788884937763214,0.06885881721973419,0.8367589116096497,5.0,0.1,1.5,0.3,16.0,0.7,1.0,2.5
23,110,2816,6.25e-04,8.0963,0.02269059605896473,0.6279917359352112,0.005563761573284864,0.02802359312772751,0.021744372323155403,0.006763392128050327,0.019267071038484573,0.05786091089248657,0.7095686197280884,5.0,0.1,1.5,0.3,16.0,0.7,1.0,2.5
23,120,2826,6.25e-04,13.9024,0.024364519864320755,0.7323289513587952,0.006490164902061224,0.034573499113321304,0.023038644343614578,0.008116385899484158,0.025198256596922874,0.06746214628219604,0.7833162546157837,5.0,0.1,1.5,0.3,16.0,0.7,1.0,2.5
24,10,2839,5.94e-04,9.2691,0.020044980570673943,0.565907895565033,0.0036013717763125896,0.028466561809182167,0.019277630373835564,0.008315765298902988,0.02636811137199402,0.05760086327791214,0.6553911566734314,5.0,0.1,1.5,0.3,16.0,0.7,1.0,2.5
24,20,2849,5.94e-04,7.4846,0.021574050188064575,0.5807483196258545,0.004685169085860252,0.024504080414772034,0.020607486367225647,0.006991582456976175,0.021360032260417938,0.06497760117053986,0.6987420320510864,5.0,0.1,1.5,0.3,16.0,0.7,1.0,2.5
24,30,2859,5.94e-04,4.0258,0.02300894446671009,0.5935152173042297,0.005508716683834791,0.02911350131034851,0.02184492163360119,0.007823361083865166,0.020830653607845306,0.06575907766819,0.7316168546676636,5.0,0.1,1.5,0.3,16.0,0.7,1.0,2.5
24,40,2869,5.94e-04,11.8385,0.023068921640515327,0.7627570629119873,0.005224256776273251,0.03410615026950836,0.02236296981573105,0.0073668211698532104,0.02367154322564602,0.06226517632603645,0.7519873380661011,5.0,0.1,1.5,0.3,16.0,0.7,1.0,2.5
24,50,2879,5.94e-04,20.1021,0.02646406926214695,0.8002512454986572,0.009326284751296043,0.03903135657310486,0.02474120259284973,0.008214738219976425,0.02545822225511074,0.06925603747367859,0.8382521867752075,5.0,0.1,1.5,0.3,16.0,0.7,1.0,2.5
24,60,2889,5.94e-04,7.8007,0.021971790120005608,0.5888094902038574,0.005969056393951178,0.03112473525106907,0.021022876724600792,0.007644912227988243,0.022018786519765854,0.06006390228867531,0.7009269595146179,5.0,0.1,1.5,0.3,16.0,0.7,1.0,2.5
24,70,2899,5.94e-04,3.0377,0.022763248533010483,0.6035729050636292,0.0046648322604596615,0.025772199034690857,0.02174672670662403,0.008128862828016281,0.021422937512397766,0.06119180843234062,0.7169427871704102,5.0,0.1,1.5,0.3,16.0,0.7,1.0,2.5
24,80,2909,5.94e-04,9.4877,0.026270363479852676,0.7169738411903381,0.006262203212827444,0.0403062105178833,0.02481287159025669,0.008432991802692413,0.024015378206968307,0.06624767929315567,0.8170779347419739,5.0,0.1,1.5,0.3,16.0,0.7,1.0,2.5
24,90,2919,5.94e-04,5.8823,0.02248542010784149,0.5941765308380127,0.0051102712750434875,0.027242500334978104,0.021316546946763992,0.007189751602709293,0.019918017089366913,0.06426120549440384,0.7143515348434448,5.0,0.1,1.5,0.3,16.0,0.7,1.0,2.5
24,100,2929,5.94e-04,8.5605,0.01836349256336689,0.5530337691307068,0.003811723319813609,0.024145083501935005,0.017502902075648308,0.007080345880240202,0.021994149312376976,0.06239086017012596,0.6230559349060059,5.0,0.1,1.5,0.3,16.0,0.7,1.0,2.5
24,110,2939,5.94e-04,16.1298,0.027216028422117233,0.8143699765205383,0.00937843881547451,0.040216270834207535,0.025709083303809166,0.008750088512897491,0.025284111499786377,0.06653270870447159,0.8527359366416931,5.0,0.1,1.5,0.3,16.0,0.7,1.0,2.5
24,120,2949,5.94e-04,4.2791,0.023471346125006676,0.7030733227729797,0.005800451152026653,0.0316292941570282,0.022421032190322876,0.007779769599437714,0.023022502660751343,0.07211420685052872,0.7733438611030579,5.0,0.1,1.5,0.3,16.0,0.7,1.0,2.5
25,10,2962,5.63e-04,7.4176,0.033819571137428284,1.114915370941162,0.01282089576125145,0.04660991206765175,0.03168802335858345,0.009773334488272667,0.031920164823532104,0.08989974111318588,1.0843229293823242,5.0,0.1,1.5,0.3,16.0,0.7,1.0,2.5
25,20,2972,5.63e-04,4.5557,0.019489336758852005,0.4902745485305786,0.0029824457596987486,0.02691986970603466,0.018694691359996796,0.007193767465651035,0.020497843623161316,0.06032092496752739,0.6344746351242065,5.0,0.1,1.5,0.3,16.0,0.7,1.0,2.5
25,30,2982,5.63e-04,10.0165,0.021826215088367462,0.69142085313797,0.004371127113699913,0.03471733629703522,0.020935678854584694,0.006935433484613895,0.021304946392774582,0.06031596288084984,0.7071655988693237,5.0,0.1,1.5,0.3,16.0,0.7,1.0,2.5
25,40,2992,5.63e-04,4.6642,0.01729545183479786,0.42486193776130676,0.0035045663826167583,0.022532233968377113,0.016665030270814896,0.006751084700226784,0.019780805334448814,0.05442327633500099,0.5681852102279663,5.0,0.1,1.5,0.3,16.0,0.7,1.0,2.5
25,50,3002,5.63e-04,9.3489,0.023724403232336044,0.6454015970230103,0.004842987284064293,0.027290014550089836,0.02288127690553665,0.007095734588801861,0.02003122679889202,0.06653645634651184,0.7560534477233887,5.0,0.1,1.5,0.3,16.0,0.7,1.0,2.5
25,60,3012,5.63e-04,13.9165,0.023898812010884285,0.7387803792953491,0.0064770071767270565,0.028266465291380882,0.022706447169184685,0.006678390316665173,0.020900538191199303,0.07152687758207321,0.7792633175849915,5.0,0.1,1.5,0.3,16.0,0.7,1.0,2.5
25,70,3022,5.63e-04,6.5805,0.020914245396852493,0.6405859589576721,0.005001293029636145,0.028791949152946472,0.019961489364504814,0.006065839435905218,0.018484260886907578,0.06312339752912521,0.6846920251846313,5.0,0.1,1.5,0.3,16.0,0.7,1.0,2.5
25,80,3032,5.63e-04,5.5828,0.024346623569726944,0.7427820563316345,0.004795759916305542,0.035121817141771317,0.023102933540940285,0.007727351039648056,0.0226532481610775,0.06536131352186203,0.7748540639877319,5.0,0.1,1.5,0.3,16.0,0.7,1.0,2.5
25,90,3042,5.63e-04,8.5546,0.024887612089514732,0.7784702777862549,0.005278741475194693,0.03773196414113045,0.023566924035549164,0.0076001547276973724,0.024292942136526108,0.07390771806240082,0.8129760026931763,5.0,0.1,1.5,0.3,16.0,0.7,1.0,2.5
25,100,3052,5.63e-04,15.0305,0.024913378059864044,0.7052776217460632,0.00704566203057766,0.03888298571109772,0.023373113945126534,0.008337629958987236,0.024823350831866264,0.06396746635437012,0.781876266002655,5.0,0.1,1.5,0.3,16.0,0.7,1.0,2.5
25,110,3062,5.63e-04,11.1268,0.021877644583582878,0.6895674467086792,0.004974882118403912,0.03171113133430481,0.020693831145763397,0.007435977458953857,0.022601384669542313,0.0563143715262413,0.6950143575668335,5.0,0.1,1.5,0.3,16.0,0.7,1.0,2.5
25,120,3072,5.63e-04,11.8858,0.01983603462576866,0.5577808022499084,0.004882722161710262,0.027308110147714615,0.01906948909163475,0.006779741495847702,0.018817290663719177,0.05923238396644592,0.6472306251525879,5.0,0.1,1.5,0.3,16.0,0.7,1.0,2.5
26,10,3085,5.32e-04,14.4198,0.022697322070598602,0.6759704947471619,0.006378235295414925,0.02893049642443657,0.02156485803425312,0.006457880605012178,0.01855204999446869,0.06402450799942017,0.7275017499923706,5.0,0.1,1.5,0.3,16.0,0.7,1.0,2.5
26,20,3095,5.32e-04,7.0955,0.01835673674941063,0.5028530955314636,0.004721720702946186,0.02542853355407715,0.017314961180090904,0.007124905474483967,0.023158133029937744,0.054935697466135025,0.5993043184280396,5.0,0.1,1.5,0.3,16.0,0.7,1.0,2.5
26,30,3105,5.32e-04,18.2021,0.025588132441043854,0.7202677726745605,0.008453402668237686,0.03184305131435394,0.024202069267630577,0.007833434268832207,0.022345786914229393,0.07017043977975845,0.8126888275146484,5.0,0.1,1.5,0.3,16.0,0.7,1.0,2.5
26,40,3115,5.32e-04,23.3948,0.022654138505458832,0.6856198310852051,0.009015632793307304,0.03148004785180092,0.020911293104290962,0.008213871158659458,0.027928020805120468,0.06240269914269447,0.7290652394294739,5.0,0.1,1.5,0.3,16.0,0.7,1.0,2.5
26,50,3125,5.32e-04,11.0918,0.02380666509270668,0.7208508849143982,0.004534509964287281,0.03364022821187973,0.02262960933148861,0.008245203644037247,0.02620117738842964,0.06758671998977661,0.7710256576538086,5.0,0.1,1.5,0.3,16.0,0.7,1.0,2.5
26,60,3135,5.32e-04,4.3295,0.025545621290802956,0.7573421001434326,0.005075441673398018,0.03170277550816536,0.024863852187991142,0.008234295062720776,0.021685784682631493,0.06871020793914795,0.8176332712173462,5.0,0.1,1.5,0.3,16.0,0.7,1.0,2.5
26,70,3145,5.32e-04,7.9419,0.026003887876868248,0.6889611482620239,0.007482042070478201,0.03905116021633148,0.0242919884622097,0.009248951449990273,0.02435573935508728,0.0690750926733017,0.8140435218811035,5.0,0.1,1.5,0.3,16.0,0.7,1.0,2.5
26,80,3155,5.32e-04,8.9885,0.02147204801440239,0.677802324295044,0.004266589879989624,0.03199953958392143,0.020615337416529655,0.0063985963352024555,0.019343500956892967,0.05916308984160423,0.6927158236503601,5.0,0.1,1.5,0.3,16.0,0.7,1.0,2.5
26,90,3165,5.32e-04,9.4206,0.023974332958459854,0.7924295663833618,0.003940766677260399,0.03431175649166107,0.023059092462062836,0.008507505059242249,0.026878733187913895,0.06904906779527664,0.7897214293479919,5.0,0.1,1.5,0.3,16.0,0.7,1.0,2.5
26,100,3175,5.32e-04,8.5950,0.025159940123558044,0.7791637182235718,0.0052706836722791195,0.03233366459608078,0.02373255416750908,0.008411169052124023,0.023177187889814377,0.0691753551363945,0.803046464920044,5.0,0.1,1.5,0.3,16.0,0.7,1.0,2.5
26,110,3185,5.32e-04,5.9997,0.02683155983686447,0.8658888936042786,0.007552861236035824,0.038147177547216415,0.025342943146824837,0.009283537976443768,0.025218239054083824,0.06650130450725555,0.846977174282074,5.0,0.1,1.5,0.3,16.0,0.7,1.0,2.5
26,120,3195,5.32e-04,13.5242,0.02062847837805748,0.5476187467575073,0.005942353513091803,0.03201146051287651,0.019627828150987625,0.007338135503232479,0.02272646129131317,0.054537396878004074,0.6546730995178223,5.0,0.1,1.5,0.3,16.0,0.7,1.0,2.5
27,10,3208,5.00e-04,11.7569,0.022439749911427498,0.6235593557357788,0.004627978429198265,0.0288272425532341,0.021419715136289597,0.006950779352337122,0.020199887454509735,0.07110969722270966,0.7356999516487122,5.0,0.1,1.5,0.3,16.0,0.7,1.0,2.5
27,20,3218,5.00e-04,14.6768,0.022777387872338295,0.6742363572120667,0.006230941973626614,0.03382245451211929,0.02137112244963646,0.008488930761814117,0.026777904480695724,0.06402704119682312,0.7355294227600098,5.0,0.1,1.5,0.3,16.0,0.7,1.0,2.5
27,30,3228,5.00e-04,8.9834,0.02466280572116375,0.658571720123291,0.0067175766453146935,0.03766489401459694,0.023097442463040352,0.008338924497365952,0.02358636073768139,0.06642519682645798,0.7755927443504333,5.0,0.1,1.5,0.3,16.0,0.7,1.0,2.5
27,40,3238,5.00e-04,14.0356,0.02391481027007103,0.6320359110832214,0.004581380635499954,0.03808000683784485,0.022840073332190514,0.009687623009085655,0.025800591334700584,0.06117923557758331,0.7520449161529541,5.0,0.1,1.5,0.3,16.0,0.7,1.0,2.5
27,50,3248,5.00e-04,9.5783,0.020962761715054512,0.6568104028701782,0.004939388018101454,0.031062815338373184,0.019934510812163353,0.007803536951541901,0.027400992810726166,0.06554407626390457,0.7028985619544983,5.0,0.1,1.5,0.3,16.0,0.7,1.0,2.5
27,60,3258,5.00e-04,8.5909,0.020155902951955795,0.48779529333114624,0.0063331713899970055,0.02683335170149803,0.019053513184189796,0.007999845780432224,0.0234832763671875,0.055194538086652756,0.6390345692634583,5.0,0.1,1.5,0.3,16.0,0.7,1.0,2.5
27,70,3268,5.00e-04,8.9491,0.019476762041449547,0.6015191078186035,0.004495082423090935,0.025431528687477112,0.01883833482861519,0.006637414917349815,0.020231232047080994,0.05762400105595589,0.6422585844993591,5.0,0.1,1.5,0.3,16.0,0.7,1.0,2.5
27,80,3278,5.00e-04,5.4366,0.021016458049416542,0.6536278128623962,0.004354418255388737,0.028782645240426064,0.02021426148712635,0.007155069150030613,0.01963578723371029,0.06282863765954971,0.6907556056976318,5.0,0.1,1.5,0.3,16.0,0.7,1.0,2.5
27,90,3288,5.00e-04,4.1217,0.02234766259789467,0.5747833847999573,0.003309866413474083,0.02652696892619133,0.021873395889997482,0.008079862222075462,0.020324641838669777,0.06685817241668701,0.7252398133277893,5.0,0.1,1.5,0.3,16.0,0.7,1.0,2.5
27,100,3298,5.00e-04,14.7953,0.02443433180451393,0.7460094690322876,0.004351701587438583,0.029357731342315674,0.0234551802277565,0.007804124150425196,0.021484246477484703,0.07080226391553879,0.7913431525230408,5.0,0.1,1.5,0.3,16.0,0.7,1.0,2.5
27,110,3308,5.00e-04,13.8528,0.02755878120660782,0.8865504264831543,0.0074051180854439735,0.036753736436367035,0.02617611736059189,0.00805271603167057,0.024397050961852074,0.0792381763458252,0.8955300450325012,5.0,0.1,1.5,0.3,16.0,0.7,1.0,2.5
27,120,3318,5.00e-04,9.0947,0.02023288421332836,0.5324056148529053,0.0045115030370652676,0.026453927159309387,0.01941675692796707,0.007519819773733616,0.020532287657260895,0.05829598009586334,0.6513125896453857,5.0,0.1,1.5,0.3,16.0,0.7,1.0,2.5
28,10,3331,4.69e-04,6.3674,0.02700493112206459,1.0060935020446777,0.0050803134217858315,0.039856649935245514,0.02621922269463539,0.0076021794229745865,0.024882864207029343,0.07974867522716522,0.9042950868606567,5.0,0.1,1.5,0.3,16.0,0.7,1.0,2.5
28,20,3341,4.69e-04,3.5465,0.02258092164993286,0.6096366047859192,0.00438882689923048,0.030273938551545143,0.02181442454457283,0.008634951896965504,0.023417962715029716,0.060199838131666183,0.7185264825820923,5.0,0.1,1.5,0.3,16.0,0.7,1.0,2.5
28,30,3351,4.69e-04,6.0822,0.022905604913830757,0.7156267166137695,0.0055410354398190975,0.028735393658280373,0.021775387227535248,0.007212499622255564,0.02296973019838333,0.06595885753631592,0.7443446516990662,5.0,0.1,1.5,0.3,16.0,0.7,1.0,2.5
28,40,3361,4.69e-04,8.4791,0.019739624112844467,0.5920613408088684,0.004563501104712486,0.024935320019721985,0.018975339829921722,0.007003349717706442,0.021051570773124695,0.05678717419505119,0.6437574028968811,5.0,0.1,1.5,0.3,16.0,0.7,1.0,2.5
28,50,3371,4.69e-04,15.2129,0.023157238960266113,0.673710286617279,0.004736911505460739,0.03656156361103058,0.021946299821138382,0.006949390284717083,0.02373085729777813,0.06881048530340195,0.7529935240745544,5.0,0.1,1.5,0.3,16.0,0.7,1.0,2.5
28,60,3381,4.69e-04,9.5949,0.022105270996689796,0.5494480133056641,0.004608526825904846,0.027521859854459763,0.021178364753723145,0.008190302178263664,0.022462259978055954,0.060441434383392334,0.6987932920455933,5.0,0.1,1.5,0.3,16.0,0.7,1.0,2.5
28,70,3391,4.69e-04,6.3930,0.020973259583115578,0.6336108446121216,0.00407133623957634,0.026240859180688858,0.02042456343770027,0.007209498435258865,0.021414048969745636,0.06657294929027557,0.7018927335739136,5.0,0.1,1.5,0.3,16.0,0.7,1.0,2.5
28,80,3401,4.69e-04,10.4897,0.023833462968468666,0.8227958083152771,0.006935560144484043,0.03651110455393791,0.022463424131274223,0.008281889371573925,0.026412788778543472,0.06338182091712952,0.7728829979896545,5.0,0.1,1.5,0.3,16.0,0.7,1.0,2.5
28,90,3411,4.69e-04,7.4741,0.023305222392082214,0.6810859441757202,0.0057799434289336205,0.03193923830986023,0.021919643506407738,0.008738026022911072,0.027590010315179825,0.06744083762168884,0.7559094429016113,5.0,0.1,1.5,0.3,16.0,0.7,1.0,2.5
28,100,3421,4.69e-04,10.0933,0.020138759166002274,0.4889152944087982,0.0055861324071884155,0.023218991234898567,0.019084135070443153,0.00745878741145134,0.02101188898086548,0.05224710330367088,0.6271271705627441,5.0,0.1,1.5,0.3,16.0,0.7,1.0,2.5
28,110,3431,4.69e-04,10.5316,0.02648938074707985,0.7853420972824097,0.006227144505828619,0.03743723779916763,0.0252558384090662,0.008631044067442417,0.025629457086324692,0.0647813156247139,0.8292708396911621,5.0,0.1,1.5,0.3,16.0,0.7,1.0,2.5
28,120,3441,4.69e-04,13.8524,0.02344057522714138,0.7464269399642944,0.009352250024676323,0.03571493923664093,0.02230905182659626,0.007346720434725285,0.024888290092349052,0.06680385023355484,0.7705738544464111,5.0,0.1,1.5,0.3,16.0,0.7,1.0,2.5
29,10,3454,4.38e-04,19.0069,0.024725250899791718,0.6650566458702087,0.006150034721940756,0.03469105437397957,0.023746861144900322,0.008342181332409382,0.023205064237117767,0.06788074225187302,0.7884604930877686,5.0,0.1,1.5,0.3,16.0,0.7,1.0,2.5
29,20,3464,4.38e-04,16.3377,0.026725949719548225,0.7599713206291199,0.007913303561508656,0.03698011860251427,0.02505609206855297,0.008348256349563599,0.023635651916265488,0.06885970383882523,0.835116982460022,5.0,0.1,1.5,0.3,16.0,0.7,1.0,2.5
29,30,3474,4.38e-04,10.7510,0.027633341029286385,0.9220514297485352,0.00925425160676241,0.04236659035086632,0.02655799500644207,0.008435411378741264,0.02666691690683365,0.06910321861505508,0.8872209191322327,5.0,0.1,1.5,0.3,16.0,0.7,1.0,2.5
29,40,3484,4.38e-04,12.0175,0.021035145968198776,0.5264816880226135,0.007118947803974152,0.026283016428351402,0.01998583972454071,0.007925111800432205,0.022754913195967674,0.05877632275223732,0.6714040040969849,5.0,0.1,1.5,0.3,16.0,0.7,1.0,2.5
29,50,3494,4.38e-04,6.3253,0.025149215012788773,0.8903129696846008,0.005596065893769264,0.035275042057037354,0.02407901920378208,0.007411065511405468,0.02246624231338501,0.07339530438184738,0.8301605582237244,5.0,0.1,1.5,0.3,16.0,0.7,1.0,2.5
29,60,3504,4.38e-04,13.7535,0.02377910725772381,0.6970049738883972,0.0068206279538571835,0.03568970784544945,0.022478992119431496,0.008105868473649025,0.024883434176445007,0.06141866743564606,0.7533019781112671,5.0,0.1,1.5,0.3,16.0,0.7,1.0,2.5
29,70,3514,4.38e-04,10.8054,0.022774482145905495,0.7706370949745178,0.005826691165566444,0.027161749079823494,0.02187255769968033,0.006593686528503895,0.02083628624677658,0.0770580992102623,0.7758827805519104,5.0,0.1,1.5,0.3,16.0,0.7,1.0,2.5
29,80,3524,4.38e-04,4.6823,0.02558792196214199,0.7048768997192383,0.00702291913330555,0.03505609557032585,0.024309173226356506,0.00858153123408556,0.026042839512228966,0.06684166938066483,0.8075793385505676,5.0,0.1,1.5,0.3,16.0,0.7,1.0,2.5
29,90,3534,4.38e-04,6.0801,0.021831639111042023,0.5915676355361938,0.005089212208986282,0.030251113697886467,0.02084924839437008,0.008269602432847023,0.023844093084335327,0.05566694214940071,0.6874123215675354,5.0,0.1,1.5,0.3,16.0,0.7,1.0,2.5
29,100,3544,4.38e-04,15.1025,0.025806181132793427,0.8197774887084961,0.006947325076907873,0.0353185199201107,0.024498410522937775,0.0076530021615326405,0.021061895415186882,0.06473639607429504,0.8122597336769104,5.0,0.1,1.5,0.3,16.0,0.7,1.0,2.5
29,110,3554,4.38e-04,3.1865,0.02104935050010681,0.6669871807098389,0.005425614770501852,0.028829321265220642,0.02030026540160179,0.00772355729714036,0.022411441430449486,0.06299074739217758,0.6988317966461182,5.0,0.1,1.5,0.3,16.0,0.7,1.0,2.5
29,120,3564,4.38e-04,13.3189,0.018625963479280472,0.5644717812538147,0.0028711711056530476,0.02617599628865719,0.018036209046840668,0.006619407795369625,0.02028583735227585,0.05785786733031273,0.619879961013794,5.0,0.1,1.5,0.3,16.0,0.7,1.0,2.5
30,10,3577,4.07e-04,17.8440,0.02682904526591301,0.8254064917564392,0.005214351695030928,0.03680822253227234,0.025701185688376427,0.008301544934511185,0.02485608123242855,0.08395049721002579,0.8873122930526733,5.0,0.1,1.5,0.3,16.0,0.7,1.0,2.5
30,20,3587,4.07e-04,12.4904,0.020110618323087692,0.5650587677955627,0.0037188443820923567,0.02429977059364319,0.01966136321425438,0.0066987574100494385,0.018336603417992592,0.056262001395225525,0.6481897830963135,5.0,0.1,1.5,0.3,16.0,0.7,1.0,2.5
30,30,3597,4.07e-04,2.7170,0.02147746831178665,0.6335349678993225,0.004168169107288122,0.029436931014060974,0.020694337785243988,0.007650057785212994,0.021893521770834923,0.06268591433763504,0.7008969187736511,5.0,0.1,1.5,0.3,16.0,0.7,1.0,2.5
30,40,3607,4.07e-04,17.2917,0.022787990048527718,0.6643356084823608,0.004801909439265728,0.02928810380399227,0.02206343226134777,0.008184125646948814,0.026056215167045593,0.06654755026102066,0.7475317716598511,5.0,0.1,1.5,0.3,16.0,0.7,1.0,2.5
30,50,3617,4.07e-04,4.1790,0.020799925550818443,0.5688064694404602,0.003059009090065956,0.02529488503932953,0.01957893557846546,0.00727608148008585,0.021285032853484154,0.05799170956015587,0.6576777696609497,5.0,0.1,1.5,0.3,16.0,0.7,1.0,2.5
30,60,3627,4.07e-04,14.1295,0.01959896832704544,0.5862888693809509,0.004522914066910744,0.024244019761681557,0.018667878583073616,0.0068547772243618965,0.02049696072936058,0.05480997636914253,0.6316876411437988,5.0,0.1,1.5,0.3,16.0,0.7,1.0,2.5
30,70,3637,4.07e-04,1.7180,0.030221417546272278,0.8823296427726746,0.005233993753790855,0.04242264851927757,0.028784319758415222,0.010580167174339294,0.027553563937544823,0.07844722270965576,0.9515447020530701,5.0,0.1,1.5,0.3,16.0,0.7,1.0,2.5
30,80,3647,4.07e-04,12.6470,0.022250857204198837,0.5772910714149475,0.00537509610876441,0.03154273331165314,0.021600695326924324,0.008736014366149902,0.02373850904405117,0.05849025025963783,0.7081993222236633,5.0,0.1,1.5,0.3,16.0,0.7,1.0,2.5
30,90,3657,4.07e-04,5.2661,0.02610580436885357,0.8067206144332886,0.005787506699562073,0.03924005851149559,0.024564871564507484,0.009562022052705288,0.027877461165189743,0.07299987971782684,0.841762900352478,5.0,0.1,1.5,0.3,16.0,0.7,1.0,2.5
30,100,3667,4.07e-04,3.1824,0.025393664836883545,0.8195779919624329,0.004081308376044035,0.04153858870267868,0.02407827600836754,0.009737599641084671,0.030484898015856743,0.06974104791879654,0.824415922164917,5.0,0.1,1.5,0.3,16.0,0.7,1.0,2.5
30,110,3677,4.07e-04,24.5036,0.026274757459759712,0.8059259653091431,0.005261609330773354,0.03157595172524452,0.02537553384900093,0.008122346363961697,0.0222739540040493,0.08223125338554382,0.8688778877258301,5.0,0.1,1.5,0.3,16.0,0.7,1.0,2.5
30,120,3687,4.07e-04,10.2390,0.023212071508169174,0.6969651579856873,0.007370494306087494,0.02638545073568821,0.02180228941142559,0.0074858455918729305,0.02129334956407547,0.06329039484262466,0.7383242845535278,5.0,0.1,1.5,0.3,16.0,0.7,1.0,2.5
31,10,3700,3.76e-04,15.1237,0.020910175517201424,0.6398226022720337,0.005933597218245268,0.02822788618505001,0.019896719604730606,0.007319406606256962,0.02158713899552822,0.05745980888605118,0.6746096014976501,5.0,0.1,1.5,0.3,16.0,0.7,1.0,2.5
31,20,3710,3.76e-04,16.7168,0.021716879680752754,0.5453181862831116,0.006373791955411434,0.029913898557424545,0.02051309123635292,0.007587933912873268,0.02234991267323494,0.056925367563962936,0.6798353791236877,5.0,0.1,1.5,0.3,16.0,0.7,1.0,2.5
31,30,3720,3.76e-04,7.1536,0.02184891328215599,0.6507139205932617,0.004226731136441231,0.029079539701342583,0.020472733303904533,0.007438044995069504,0.02201325073838234,0.059615522623062134,0.6932023763656616,5.0,0.1,1.5,0.3,16.0,0.7,1.0,2.5
31,40,3730,3.76e-04,8.1517,0.020539909601211548,0.5827080011367798,0.00396342808380723,0.025892315432429314,0.019583873450756073,0.007117313798516989,0.021331939846277237,0.06411382555961609,0.6746237874031067,5.0,0.1,1.5,0.3,16.0,0.7,1.0,2.5
31,50,3740,3.76e-04,7.8230,0.021376317366957664,0.49669793248176575,0.00516995694488287,0.03129555657505989,0.02044793777167797,0.008237723261117935,0.02420179173350334,0.060470204800367355,0.6820057034492493,5.0,0.1,1.5,0.3,16.0,0.7,1.0,2.5
31,60,3750,3.76e-04,7.1139,0.026176806539297104,0.8089917302131653,0.006317283026874065,0.040966957807540894,0.025104660540819168,0.0100761279463768,0.02856355533003807,0.06676296889781952,0.8377480506896973,5.0,0.1,1.5,0.3,16.0,0.7,1.0,2.5
31,70,3760,3.76e-04,27.8219,0.02275903709232807,0.6673625707626343,0.007681441958993673,0.027349207550287247,0.02148045226931572,0.008010050281882286,0.025165151804685593,0.06608094274997711,0.7399201393127441,5.0,0.1,1.5,0.3,16.0,0.7,1.0,2.5
31,80,3770,3.76e-04,4.6684,0.021446436643600464,0.6607606410980225,0.0037895450368523598,0.02597609907388687,0.020778175443410873,0.007818279787898064,0.022960683330893517,0.06351529806852341,0.7064579129219055,5.0,0.1,1.5,0.3,16.0,0.7,1.0,2.5
31,90,3780,3.76e-04,6.0576,0.022781096398830414,0.6573516130447388,0.005574386566877365,0.02770022302865982,0.02175884135067463,0.007194827310740948,0.019335273653268814,0.06513857841491699,0.7316718101501465,5.0,0.1,1.5,0.3,16.0,0.7,1.0,2.5
31,100,3790,3.76e-04,8.8980,0.023370422422885895,0.6281396746635437,0.00494535593315959,0.03026253916323185,0.022452648729085922,0.008836496621370316,0.023409269750118256,0.0629253163933754,0.7423133254051208,5.0,0.1,1.5,0.3,16.0,0.7,1.0,2.5
31,110,3800,3.76e-04,9.4223,0.020723022520542145,0.6274101138114929,0.00422835536301136,0.027651391923427582,0.019860858097672462,0.008131050504744053,0.02193155139684677,0.06115065887570381,0.6792676448822021,5.0,0.1,1.5,0.3,16.0,0.7,1.0,2.5
31,120,3810,3.76e-04,11.4394,0.023341232910752296,0.7681776881217957,0.004810531623661518,0.02883836254477501,0.022655252367258072,0.00715798232704401,0.02074221894145012,0.06822440773248672,0.7681891322135925,5.0,0.1,1.5,0.3,16.0,0.7,1.0,2.5
32,10,3823,3.46e-04,15.9317,0.02481895498931408,0.7544717788696289,0.007631318178027868,0.030373653396964073,0.023735003545880318,0.008144919760525227,0.02298293076455593,0.06973162293434143,0.8028745055198669,5.0,0.1,1.5,0.3,16.0,0.7,1.0,2.5
32,20,3833,3.46e-04,10.6735,0.02436361275613308,0.7565000057220459,0.0035993624478578568,0.03587837517261505,0.023595429956912994,0.008869413286447525,0.027331456542015076,0.07241710275411606,0.8057403564453125,5.0,0.1,1.5,0.3,16.0,0.7,1.0,2.5
32,30,3843,3.46e-04,7.7111,0.026935966685414314,0.7338273525238037,0.004805144853889942,0.032991234213113785,0.025742890313267708,0.008212637156248093,0.020291322842240334,0.07298500090837479,0.8455566167831421,5.0,0.1,1.5,0.3,16.0,0.7,1.0,2.5
32,40,3853,3.46e-04,3.7422,0.024383775889873505,0.6929920315742493,0.006664987653493881,0.029635559767484665,0.023342659696936607,0.0073468321934342384,0.021089568734169006,0.0679965391755104,0.7798124551773071,5.0,0.1,1.5,0.3,16.0,0.7,1.0,2.5
32,50,3863,3.46e-04,12.2901,0.024460403248667717,0.6992397904396057,0.005352421663701534,0.031334396451711655,0.023205513134598732,0.007818730548024178,0.02258334681391716,0.061291296035051346,0.7622278928756714,5.0,0.1,1.5,0.3,16.0,0.7,1.0,2.5
32,60,3873,3.46e-04,5.8361,0.025528885424137115,0.6793673038482666,0.006527408491820097,0.03520572558045387,0.02429439313709736,0.008300802670419216,0.023141689598560333,0.06981520354747772,0.8081345558166504,5.0,0.1,1.5,0.3,16.0,0.7,1.0,2.5
32,70,3883,3.46e-04,18.6243,0.021142641082406044,0.641063928604126,0.00760114099830389,0.023480111733078957,0.020086662843823433,0.006356159690767527,0.020019445568323135,0.06542227417230606,0.697676420211792,5.0,0.1,1.5,0.3,16.0,0.7,1.0,2.5
32,80,3893,3.46e-04,16.7115,0.02025238797068596,0.5838896632194519,0.006523891352117062,0.026823613792657852,0.01933949999511242,0.007196743506938219,0.022078827023506165,0.05701480433344841,0.6565693616867065,5.0,0.1,1.5,0.3,16.0,0.7,1.0,2.5
32,90,3903,3.46e-04,16.5573,0.024223772808909416,0.6421462893486023,0.008284730836749077,0.03397209197282791,0.022818153724074364,0.008539530448615551,0.024153953418135643,0.06200447306036949,0.7581855058670044,5.0,0.1,1.5,0.3,16.0,0.7,1.0,2.5
